-- MySQL dump 10.13  Distrib 5.5.17, for osx10.6 (i386)
--
-- Host: localhost    Database: highbridge_db
-- ------------------------------------------------------
-- Server version	5.5.17

/*!40101 SET @OLD_CHARACTER_SET_CLIENT=@@CHARACTER_SET_CLIENT */;
/*!40101 SET @OLD_CHARACTER_SET_RESULTS=@@CHARACTER_SET_RESULTS */;
/*!40101 SET @OLD_COLLATION_CONNECTION=@@COLLATION_CONNECTION */;
/*!40101 SET NAMES utf8 */;
/*!40103 SET @OLD_TIME_ZONE=@@TIME_ZONE */;
/*!40103 SET TIME_ZONE='+00:00' */;
/*!40014 SET @OLD_UNIQUE_CHECKS=@@UNIQUE_CHECKS, UNIQUE_CHECKS=0 */;
/*!40014 SET @OLD_FOREIGN_KEY_CHECKS=@@FOREIGN_KEY_CHECKS, FOREIGN_KEY_CHECKS=0 */;
/*!40101 SET @OLD_SQL_MODE=@@SQL_MODE, SQL_MODE='NO_AUTO_VALUE_ON_ZERO' */;
/*!40111 SET @OLD_SQL_NOTES=@@SQL_NOTES, SQL_NOTES=0 */;

--
-- Table structure for table `members`
--

DROP TABLE IF EXISTS `members`;
/*!40101 SET @saved_cs_client     = @@character_set_client */;
/*!40101 SET character_set_client = utf8 */;
CREATE TABLE `members` (
  `id` int(11) NOT NULL AUTO_INCREMENT,
  `full_name` varchar(255) DEFAULT NULL,
  `portable_name` varchar(255) DEFAULT NULL,
  `portable_number` int(11) DEFAULT NULL,
  `street_address` varchar(255) DEFAULT NULL,
  `city` varchar(255) DEFAULT NULL,
  `zip` varchar(255) DEFAULT NULL,
  `area` varchar(255) DEFAULT NULL,
  `home_phone` varchar(255) DEFAULT NULL,
  `work_phone` varchar(255) DEFAULT NULL,
  `cell_or_other_phone` varchar(255) DEFAULT NULL,
  `shirt_size` varchar(255) DEFAULT NULL,
  `status` varchar(255) DEFAULT NULL,
  `misc_notes` varchar(255) DEFAULT NULL,
  `created_at` datetime DEFAULT NULL,
  `updated_at` datetime DEFAULT NULL,
  `email` varchar(255) NOT NULL DEFAULT '',
  `encrypted_password` varchar(128) NOT NULL DEFAULT '',
  `reset_password_token` varchar(255) DEFAULT NULL,
  `reset_password_sent_at` datetime DEFAULT NULL,
  `remember_created_at` datetime DEFAULT NULL,
  `sign_in_count` int(11) DEFAULT '0',
  `current_sign_in_at` datetime DEFAULT NULL,
  `last_sign_in_at` datetime DEFAULT NULL,
  `current_sign_in_ip` varchar(255) DEFAULT NULL,
  `last_sign_in_ip` varchar(255) DEFAULT NULL,
  `admin` tinyint(1) DEFAULT '0',
  `first_name` varchar(255) DEFAULT NULL,
  `last_name` varchar(255) DEFAULT NULL,
  `training_level` varchar(255) DEFAULT NULL,
  PRIMARY KEY (`id`),
  UNIQUE KEY `index_members_on_reset_password_token` (`reset_password_token`),
  UNIQUE KEY `index_members_on_portable_name` (`portable_name`)
) ENGINE=InnoDB AUTO_INCREMENT=36 DEFAULT CHARSET=latin1;
/*!40101 SET character_set_client = @saved_cs_client */;

--
-- Dumping data for table `members`
--

LOCK TABLES `members` WRITE;
/*!40000 ALTER TABLE `members` DISABLE KEYS */;
INSERT INTO `members` VALUES (3,'Russ Whitney','russw08',8,'56 Falcon Drive','Boise','83716','HC/OS','367-9235','','991-4108','L','Probationary','Web Master','2011-10-30 16:31:04','2011-11-09 18:49:27','russ@whitneyhome.com','$2a$10$rrdsnav3fVk2cx.WxnptwuA3JrDXtP0KLw23CLAo.6h5l6TVWkz5C',NULL,NULL,NULL,35,'2011-11-09 18:49:27','2011-11-09 02:41:41','127.0.0.1','127.0.0.1',1,'Russ','Whitney','Driver'),(4,'Lisa Whitney','lisaw07',7,'56 Falcon Drive','Boise','83716','HC/OS','367-9235','','','M','Probationary','','2011-10-30 19:41:22','2011-11-09 02:38:07','lisa@whitneyhome.com','$2a$10$vB76jfxFI1GBrtA/Juryj.G9oN7aljWdSG1729ArctXjCaa2Z8aRK',NULL,NULL,NULL,6,'2011-11-09 02:38:07','2011-11-09 01:45:27','127.0.0.1','127.0.0.1',0,'Lisa','Whitney','EMT'),(5,'Dennis Bradshaw','dennisb01',1,'136 Gold Fork Ridge Rd','Boise','83716','CC','392-2288','','','','Active','Adv. Board Rep.','2011-10-30 23:03:56','2011-11-01 22:51:52','bd_team@juno.com','$2a$10$OBpwoVGIEwXNH5ASrAWTjeoFbPBSbHmKlDr5d6ZsUokvbOCSP3.uu',NULL,NULL,NULL,1,'2011-11-01 22:51:52','2011-11-01 22:51:52','127.0.0.1','127.0.0.1',0,'Dennis','Bradshaw','EMT'),(6,'Christine Kollar','christinek29',29,'509 S. 13th St. Apt B105','Boise','83702','TV','890-1084','','','','Probationary','','2011-11-01 16:48:58','2011-11-01 19:32:06','christinekollar@u.boisestate.edu','$2a$10$ldoYOnZLxACAKMrPVaKc.efvXw0sutLB/SFN7iGTiQfLY0OC5UGye',NULL,NULL,NULL,1,'2011-11-01 16:50:47','2011-11-01 16:50:47','127.0.0.1','127.0.0.1',0,'Christine','Kollar','EMT'),(7,'Drew Bodie','drew44',44,'5 Buckboard Place','Boise','83716','WR','344-2243','','','L','Active','President','2011-11-01 20:03:25','2011-11-09 19:56:28','drewbodie2002@yahoo.com','$2a$10$y2xt39A0Wv98gZYihtFqc.pe.oymeTgBpmfOxtE1eAFqxCAkRFGae',NULL,NULL,NULL,0,NULL,NULL,NULL,NULL,0,'Drew','Bodie','EMR'),(8,'Karen Acker','karen22',22,'6 Sharon St.','Boise','83716','RCM','387-0888','','283-7922','S','Associate','','2011-11-01 20:05:04','2011-11-01 20:05:04','horselover1327@yahoo.com','$2a$10$QfVWLcdaRj8xyKpsbzK1ROIYpizQqW.SlmUct/oDAEW2x.1s3hbBe',NULL,NULL,NULL,0,NULL,NULL,NULL,NULL,0,'Karen','Acker','EMT'),(9,'Terry Acker','terry39',39,'6 Sharon St.','Boise','83716','RCM','387-0888','363-5320','283-7937','M','Active','Web Master, Driver Trainer, Radios','2011-11-01 20:06:31','2011-11-03 22:38:49','terrya2289@gmail.com','$2a$10$zqBsL/ypTtwq1nnRiYrhJOtpe2pIzR.LnuGndOP5TecxjMIMaMyCO',NULL,NULL,NULL,0,NULL,NULL,NULL,NULL,0,'Terry','Acker','EMT'),(10,'Christopher Cardenallie','christopherc10',10,'14 Allen Ln.','Boise','83716','RC','433-0453','','','','Probationary','','2011-11-01 20:09:56','2011-11-01 20:09:56','carduchi@gmail.com','$2a$10$j5KUd8z.XIEm2/TtU0f03OiMfVwe18QnKPo2CA0l1etDp6A0eut0W',NULL,NULL,NULL,0,NULL,NULL,NULL,NULL,0,'Chris','Cardenallie','Driver'),(11,'Paul Bucca','paulb31',31,'11 Forest Drive','Boise','345-2767','WR','345-2767','','','','Active','WRFPD/Chassis Officer','2011-11-03 17:00:23','2011-11-03 22:33:17','pjbucca@msn.com','$2a$10$euTloNxNjXgHDXAKcHi.Se9rmr82.97tUpEy0JX5DYO7Keho/oAfu',NULL,NULL,NULL,0,NULL,NULL,NULL,NULL,0,'Paul','Bucca','EMT'),(12,'David Haney','dave11',11,'3841 Campbell Rd','Erda, UT','84074','UT','','','484-1481','','LOA','LOA 10/12/2011','2011-11-03 17:00:44','2011-11-03 20:25:21','davidhaney11@yahoo.com','$2a$10$M73IaZDjr9cfR9Nd3YMOlOCQDE6plXZgOY.2e6AMhYZP4UVLr2o/6',NULL,NULL,NULL,0,NULL,NULL,NULL,NULL,0,'Dave','Haney','EMT'),(13,'Chad Brown','chadb16',16,'2702 Agate St.','Boise','83705','TV','409-3962','','','','Probationary','','2011-11-03 17:00:44','2011-11-03 20:23:51','cdb0187@yahoo.com','$2a$10$mya6j31r/.avpFz0pNprNOdXww8hdNkQ5m4Mts0b2J8pC2SBHbDwC',NULL,NULL,NULL,0,NULL,NULL,NULL,NULL,0,'Chad','Brown','EMT'),(14,'Joan Wipper','joant14',14,'1632 S. Riverstone Ln #207','Boise','83706','TV','861-9646','','','','LOA','LOA 09/01/2011','2011-11-03 17:00:44','2011-11-03 20:37:34','joanwipper@gmail.com','$2a$10$HT2FHYB4HUqiTC5UVOhaFu7uVGTNjutWGeweo0oiHyLm0B0fIzhhK',NULL,NULL,NULL,0,NULL,NULL,NULL,NULL,0,'Joan','Wipper','EMT'),(15,'Ron Dotson','rond46',46,'14 Mores Creek Circle','Boise','83716','WR','333-9937','','','L','Active','','2011-11-03 17:00:44','2011-11-03 22:35:44','randcdotson@msn.com','$2a$10$W2rOSCUVUXB8Rw7D45l5Hu2N8KQoIl84UGMYbKZYP80yaTcgJqzJS',NULL,NULL,NULL,0,NULL,NULL,NULL,NULL,0,'Ron','Dotson','EMT'),(16,'Vicki Lane','vickil05',5,'26 Rocky Point Rd','Boise','83716','CC','392-4723','','','','Active','','2011-11-03 17:00:44','2011-11-03 22:38:08','vickilanebarfuss@yahoo.com','$2a$10$hRQvnjP4K131j15ZD7y52ufmHvnhdtgAw7/sINB8a/QE8AVDutwl6',NULL,NULL,NULL,0,NULL,NULL,NULL,NULL,0,'Vicki','Lane','EMT'),(17,'Kaia Pule','kaiap06',6,'308 Cedar Park Ln.','Nampa','83686','TV','859-7132','','859-7132','','Probationary','','2011-11-03 17:00:44','2011-11-03 20:39:14','kaia_pule@hotmail.com','$2a$10$lJfnFwNSkxi8cYMYuAhJweObhzmSg301t9PpHeT6sf4/k.07Uv23u',NULL,NULL,NULL,0,NULL,NULL,NULL,NULL,0,'Kaia','Pule','EMT'),(18,'Timothy Birch','timothyb28',28,'509 S. 13th St. Apt B105','Boise','83712','TV','890-1075','','','','Probationary','','2011-11-03 17:00:44','2011-11-03 22:36:54','tbirch2@hotmail.com','$2a$10$CWctvydZ5AMqLhBYYU2iXuilyMDEslwZEsPOgTrS8cjYGvkd.Nxmq',NULL,NULL,NULL,0,NULL,NULL,NULL,NULL,0,'Timothy','Birch','EMT'),(19,'Patrick Callison','patrickc26',26,'3329 N. Tweedbrook','Boise','83713','TV','888-3355','941-7872','','','Active','VP/Personnel','2011-11-03 17:00:45','2011-11-03 22:32:02','pat.callison@mach-c.com','$2a$10$zpuvwoFwY0j2SPLmpRsXvOBhMFCIzwp476VabtPLi9TyVIKGs6XjK',NULL,NULL,NULL,0,NULL,NULL,NULL,NULL,0,'Patrick','Callison','EMT'),(20,'Erin Turner','erint30',30,'3329 N. Tweedbrook','Boise','83713','TV','888-3355','880-3621','','','Active','Secretary','2011-11-03 17:00:45','2011-11-03 20:34:43','eturner3469@yahoo.com','$2a$10$lIlWDBo/GXBpLVaLTf7blen0kZRmWy5WuEvVWAdjHY7gMnOFMbZ.u',NULL,NULL,NULL,0,NULL,NULL,NULL,NULL,0,'Erin','Turner','EMT'),(21,'Rob Carrico','robc03',3,'12 Lighthouse Ln','Boise','83716','CC','344-7614','','','','Active','Treasurer','2011-11-03 17:00:45','2011-11-03 22:34:37','rob_carrico@yahoo.com','$2a$10$0b0pDKKM0fWaolOifpmr5.o3FuPtZWWlALowl2cYjVgBtBWXyQr8W',NULL,NULL,NULL,0,NULL,NULL,NULL,NULL,0,'Rob','Carrico','EMT'),(22,'Mary JoAnn Stolle','maryjs02',2,'Box 5861','Boise','83706','TV','','','853-2037','','Probationary','','2011-11-03 17:00:45','2011-11-03 20:47:22','limodriverone@hotmail.com','$2a$10$cyWBDhYYeaPv3T.JUw92qu6QabhfWwKAXf.iIet3dpBbSLarIkoc2',NULL,NULL,NULL,0,NULL,NULL,NULL,NULL,0,'Mary','Stolle','EMT'),(23,'Kathy Makin','kathym04',4,'38 E. Alturas Dr.','Atlanta','83601','ATL','864-2132','','','','Probationary','','2011-11-03 17:00:45','2011-11-03 20:41:20','makinkathy@yahoo.com','$2a$10$VT2eUxPZ.AZ36HV9SRzMreswYkZ0dicdZxtr0HaSB.AX2qkMaechS',NULL,NULL,NULL,0,NULL,NULL,NULL,NULL,0,'Kathy','Makin','EMT'),(24,'H Kristin','kristinh40',40,'','','','','','','','','Past Member','No longer a member','2011-11-03 17:00:45','2011-11-03 23:21:36','kristinh@somewhere.net','$2a$10$SFQMD5ZW3JHaKNssnM1tbe.4U5w7aB5nkBo9x9o49kOsDpV/QhnRC',NULL,NULL,NULL,0,NULL,NULL,NULL,NULL,0,'H','Kristin','Non Call'),(25,'Maureen Ericksen','mauree38',38,'27 Rodwell Creek Rd','Boise','83716','WR','342-8417','','','M','Probationary','','2011-11-03 17:00:46','2011-11-09 19:29:00','mmericksen@msn.com','$2a$10$I2zjPl688Q/AxGsfn.q5bu/wKR81cNabCEvPlQipgv63CQXayDG3m',NULL,NULL,NULL,1,'2011-11-04 20:11:08','2011-11-04 20:11:08','127.0.0.1','127.0.0.1',0,'Maureen','Ericksen','EMT'),(26,'Carol Dotson','carold45',45,'14 Mores Creek Circle','Boise','83716','WR','333-8546','','890-8546','M','LOA','LOA 4/12/2011','2011-11-03 17:00:47','2011-11-03 17:08:21','jasperyellowdog@msn.com','$2a$10$MgxGIPVdkOPROGpsLjbdgeaYV26d5s/f4QcQmLX6Iohrw1XQR43yG',NULL,NULL,NULL,0,NULL,NULL,NULL,NULL,0,'Carol','Dotson','EMT'),(27,'Brandon Wallace','brandonw15',15,'121 W Lava Falls','Meridian','83646','TV','695-6215','','695-6215','L','Probationary','','2011-11-03 17:00:47','2011-11-03 17:06:18','brvheart5@yahoo.com','$2a$10$slwPT1KXHIS3HIx.pJvk/OORr6i.ptBX/NIi9XsBSiEx3vyB2ae0.',NULL,NULL,NULL,0,NULL,NULL,NULL,NULL,0,'Brandon','Wallace','EMT'),(28,'Jan','jan017',17,'','','','','','','','','Past Member','No longer a member','2011-11-03 17:01:48','2011-11-03 23:20:58','jan@somewhere.net','$2a$10$AHWhjGnOo2Tl3F.6cunbV.JG2x9p2nKM1RhE3Mh8eR3QUvmZ2CEqq',NULL,NULL,NULL,0,NULL,NULL,NULL,NULL,0,'Jan','*unknown*','Non Call'),(29,'Diane Shoemaker','diane13',13,'259 Evergreen Dr.','Boise','83716','WR','331-2799','','','','LOA','LOA 7/23/2011','2011-11-03 17:01:48','2011-11-03 20:30:54','shoemakd@slrmc.org','$2a$10$b7Ywz5bdAy8M1M0GFSgazuqOfYpsek5.ZyWedAJUHu5sG4iVfJZEe',NULL,NULL,NULL,0,NULL,NULL,NULL,NULL,0,'Diane','Shoemaker','EMT'),(30,'Debbie Wells','debbiew9',9,'3 Elk Run Rd.','Boise','83716','WR','344-4418','384-3894','859-4645','','Associate','Re-activated 10/13/2009','2011-11-03 17:01:48','2011-11-03 20:29:00','dwells@cityofboise.org','$2a$10$1J5P4KcxhiksxcKKF6ZS2.zhGiSjRE7ZnCMZillJtVEXHqg.IUEwu',NULL,NULL,NULL,0,NULL,NULL,NULL,NULL,0,'Debbie','Wells','EMT'),(31,'W Dominic','dominicw18',18,'','','','','','','','','Past Member','No longer a member','2011-11-03 17:01:53','2011-11-03 23:21:19','dominicw@somewhere.net','$2a$10$k9xO/BZ22m/ThJJoEbBzc.h.CIiOTeLGkYa5D9jsp8rkhoKz59wAy',NULL,NULL,NULL,0,NULL,NULL,NULL,NULL,0,'W','Dominic','Non Call'),(32,'Dawn Best','dawnb12',12,'509 S. 13th St. Apt B105','Boise','83702','TV','344-3033','345-6183','949-0501','XXL','Associate','','2011-11-03 17:02:32','2011-11-03 20:27:02','dbestrn@msn.com','$2a$10$dQHoKAD.xIPdrwhcWxgPKuBUla53YFqcJcpyWt3WwucAAChZ/OST2',NULL,NULL,NULL,0,NULL,NULL,NULL,NULL,0,'Dawn','Best','EMT'),(33,'Mike Ericksen','mikee37',37,'27 Rodwell Creek Rd','Boise','83716','WR','342-8417','331-2708','','','Probationary','','2011-11-03 17:02:34','2011-11-04 20:01:28','mmericksen@msn.com','$2a$10$tR7MSZ7G7v5pZ4FtCh9mCO8.wG5vZBHRdID3nAKmICksJtQv93PD2',NULL,NULL,NULL,1,'2011-11-04 20:01:28','2011-11-04 20:01:28','127.0.0.1','127.0.0.1',0,'Mike','Ericksen','Driver'),(34,'John McCarthy','john33',33,'23 Trails End Way','Boise','83716','HC/OS','342-3805','','','','Associate','','2011-11-04 00:04:13','2011-11-04 00:04:13','j.e.mccarthy@usa.net','$2a$10$CFTGCbI9SlYZ0WxqDWWawekCy437qpMUd5159IVIWVEwbeeTr9sPW',NULL,NULL,NULL,0,NULL,NULL,NULL,NULL,0,'John','McCarthy','EMT'),(35,'Melissa Potts-Fleming','melissaf21',21,'21 Mores Creek Circle','Boise','83716','WR','342-1673','','','','Probationary','','2011-11-04 00:05:28','2011-11-04 00:05:28','mrae@g.com','$2a$10$FjYg/LkmuWvyIaimq8Xjwe1cUjucRR20A8MlYNScV64iLQXBCiKja',NULL,NULL,NULL,0,NULL,NULL,NULL,NULL,0,'Melissa','Potts-Fleming','EMT');
/*!40000 ALTER TABLE `members` ENABLE KEYS */;
UNLOCK TABLES;

--
-- Table structure for table `schema_migrations`
--

DROP TABLE IF EXISTS `schema_migrations`;
/*!40101 SET @saved_cs_client     = @@character_set_client */;
/*!40101 SET character_set_client = utf8 */;
CREATE TABLE `schema_migrations` (
  `version` varchar(255) NOT NULL,
  UNIQUE KEY `unique_schema_migrations` (`version`)
) ENGINE=InnoDB DEFAULT CHARSET=latin1;
/*!40101 SET character_set_client = @saved_cs_client */;

--
-- Dumping data for table `schema_migrations`
--

LOCK TABLES `schema_migrations` WRITE;
/*!40000 ALTER TABLE `schema_migrations` DISABLE KEYS */;
INSERT INTO `schema_migrations` VALUES ('20111028153343'),('20111028153533'),('20111030124620'),('20111030130201'),('20111030130512'),('20111030141911'),('20111030142728'),('20111030171908'),('20111030172245'),('20111101183417'),('20111104193155');
/*!40000 ALTER TABLE `schema_migrations` ENABLE KEYS */;
UNLOCK TABLES;

--
-- Table structure for table `shifts`
--

DROP TABLE IF EXISTS `shifts`;
/*!40101 SET @saved_cs_client     = @@character_set_client */;
/*!40101 SET character_set_client = utf8 */;
CREATE TABLE `shifts` (
  `id` int(11) NOT NULL AUTO_INCREMENT,
  `shiftdate` date DEFAULT NULL,
  `shiftnum` int(11) DEFAULT NULL,
  `e1member_id` int(11) DEFAULT NULL,
  `e2member_id` int(11) DEFAULT NULL,
  `dmember_id` int(11) DEFAULT NULL,
  `created_at` datetime DEFAULT NULL,
  `updated_at` datetime DEFAULT NULL,
  PRIMARY KEY (`id`)
) ENGINE=InnoDB AUTO_INCREMENT=2206 DEFAULT CHARSET=latin1;
/*!40101 SET character_set_client = @saved_cs_client */;

--
-- Dumping data for table `shifts`
--

LOCK TABLES `shifts` WRITE;
/*!40000 ALTER TABLE `shifts` DISABLE KEYS */;
INSERT INTO `shifts` VALUES (708,'2010-01-01',3,24,NULL,12,'2011-11-03 17:01:48','2011-11-03 17:01:48'),(709,'2010-01-01',2,24,NULL,12,'2011-11-03 17:01:48','2011-11-03 17:01:48'),(710,'2010-01-09',1,24,25,NULL,'2011-11-03 17:01:48','2011-11-03 17:01:48'),(711,'2010-01-10',3,25,28,7,'2011-11-03 17:01:48','2011-11-03 17:01:48'),(712,'2010-01-01',4,24,NULL,12,'2011-11-03 17:01:48','2011-11-03 17:01:48'),(713,'2010-01-02',1,24,NULL,12,'2011-11-03 17:01:48','2011-11-03 17:01:48'),(714,'2010-01-02',2,24,NULL,12,'2011-11-03 17:01:48','2011-11-03 17:01:48'),(715,'2010-01-07',1,24,7,12,'2011-11-03 17:01:48','2011-11-03 17:01:48'),(716,'2010-01-05',2,24,NULL,12,'2011-11-03 17:01:48','2011-11-03 17:01:48'),(717,'2010-01-05',3,24,NULL,12,'2011-11-03 17:01:48','2011-11-03 17:01:48'),(718,'2010-01-05',4,24,NULL,12,'2011-11-03 17:01:48','2011-11-03 17:01:48'),(719,'2010-01-06',1,24,NULL,12,'2011-11-03 17:01:48','2011-11-03 17:01:48'),(720,'2010-01-06',2,24,NULL,12,'2011-11-03 17:01:48','2011-11-03 17:01:48'),(721,'2010-01-06',3,24,7,12,'2011-11-03 17:01:48','2011-11-03 17:01:48'),(722,'2010-01-06',4,24,7,NULL,'2011-11-03 17:01:48','2011-11-03 17:01:48'),(723,'2010-01-07',2,24,NULL,NULL,'2011-11-03 17:01:48','2011-11-03 17:01:48'),(724,'2010-01-07',3,24,NULL,12,'2011-11-03 17:01:48','2011-11-03 17:01:48'),(725,'2010-01-07',4,24,7,12,'2011-11-03 17:01:48','2011-11-03 17:01:48'),(726,'2010-01-08',1,24,NULL,NULL,'2011-11-03 17:01:48','2011-11-03 17:01:48'),(727,'2010-01-08',2,24,NULL,NULL,'2011-11-03 17:01:48','2011-11-03 17:01:48'),(728,'2010-01-08',3,24,7,12,'2011-11-03 17:01:48','2011-11-03 17:01:48'),(729,'2010-01-08',4,24,7,12,'2011-11-03 17:01:48','2011-11-03 17:01:48'),(730,'2010-01-09',2,24,7,NULL,'2011-11-03 17:01:48','2011-11-03 17:01:48'),(731,'2010-01-09',3,24,NULL,NULL,'2011-11-03 17:01:48','2011-11-03 17:01:48'),(732,'2010-01-09',4,24,7,NULL,'2011-11-03 17:01:48','2011-11-03 17:01:48'),(733,'2010-01-10',1,24,7,12,'2011-11-03 17:01:48','2011-11-03 17:01:48'),(734,'2010-01-10',2,25,7,12,'2011-11-03 17:01:48','2011-11-03 17:01:48'),(735,'2010-01-12',4,26,25,15,'2011-11-03 17:01:48','2011-11-03 17:01:48'),(736,'2010-01-13',1,26,7,15,'2011-11-03 17:01:48','2011-11-03 17:01:48'),(737,'2010-01-13',2,26,7,15,'2011-11-03 17:01:48','2011-11-03 17:01:48'),(738,'2010-01-13',3,26,NULL,15,'2011-11-03 17:01:48','2011-11-03 17:01:48'),(739,'2010-01-15',4,NULL,NULL,12,'2011-11-03 17:01:48','2011-11-03 17:01:48'),(740,'2010-01-16',1,NULL,NULL,12,'2011-11-03 17:01:48','2011-11-03 17:01:48'),(741,'2010-01-17',2,29,NULL,NULL,'2011-11-03 17:01:48','2011-11-03 17:01:48'),(742,'2010-01-17',3,29,NULL,NULL,'2011-11-03 17:01:48','2011-11-03 17:01:48'),(743,'2010-01-14',2,29,NULL,NULL,'2011-11-03 17:01:48','2011-11-03 17:01:48'),(744,'2010-01-14',3,29,NULL,NULL,'2011-11-03 17:01:48','2011-11-03 17:01:48'),(745,'2010-01-24',4,25,NULL,12,'2011-11-03 17:01:48','2011-11-03 17:01:48'),(746,'2010-01-28',3,15,25,7,'2011-11-03 17:01:48','2011-11-03 17:01:48'),(747,'2010-02-19',4,15,30,7,'2011-11-03 17:01:48','2011-11-03 17:01:49'),(748,'2010-02-20',1,15,30,7,'2011-11-03 17:01:48','2011-11-03 17:01:49'),(749,'2010-02-20',2,15,30,7,'2011-11-03 17:01:48','2011-11-03 17:01:49'),(750,'2010-02-15',3,28,5,12,'2011-11-03 17:01:48','2011-11-03 17:01:49'),(751,'2010-02-14',3,24,NULL,12,'2011-11-03 17:01:49','2011-11-03 17:01:49'),(752,'2010-02-15',2,NULL,29,12,'2011-11-03 17:01:49','2011-11-03 17:01:49'),(753,'2010-02-15',4,25,7,15,'2011-11-03 17:01:49','2011-11-03 17:01:49'),(754,'2010-02-13',1,24,NULL,12,'2011-11-03 17:01:49','2011-11-03 17:01:49'),(755,'2010-02-12',4,24,NULL,12,'2011-11-03 17:01:49','2011-11-03 17:01:49'),(756,'2010-02-13',2,24,NULL,12,'2011-11-03 17:01:49','2011-11-03 17:01:49'),(757,'2010-02-13',3,24,16,12,'2011-11-03 17:01:49','2011-11-03 17:01:49'),(758,'2010-02-14',1,24,NULL,12,'2011-11-03 17:01:49','2011-11-03 17:01:49'),(759,'2010-02-14',2,24,NULL,12,'2011-11-03 17:01:49','2011-11-03 17:01:49'),(760,'2010-02-17',3,25,NULL,NULL,'2011-11-03 17:01:49','2011-11-03 17:01:49'),(761,'2010-02-13',4,NULL,NULL,12,'2011-11-03 17:01:49','2011-11-03 17:01:49'),(762,'2010-02-17',4,25,7,NULL,'2011-11-03 17:01:49','2011-11-03 17:01:49'),(763,'2010-04-17',3,20,28,NULL,'2011-11-03 17:01:49','2011-11-03 17:01:49'),(764,'2010-04-17',2,20,28,NULL,'2011-11-03 17:01:49','2011-11-03 17:01:49'),(765,'2010-02-14',4,24,NULL,12,'2011-11-03 17:01:49','2011-11-03 17:01:49'),(766,'2010-02-22',4,NULL,29,NULL,'2011-11-03 17:01:49','2011-11-03 17:01:49'),(767,'2010-02-23',1,NULL,29,NULL,'2011-11-03 17:01:49','2011-11-03 17:01:49'),(768,'2010-03-02',1,15,NULL,NULL,'2011-11-03 17:01:49','2011-11-03 17:01:49'),(769,'2010-03-02',2,15,NULL,NULL,'2011-11-03 17:01:49','2011-11-03 17:01:49'),(770,'2010-03-02',3,15,NULL,NULL,'2011-11-03 17:01:49','2011-11-03 17:01:49'),(771,'2010-03-24',4,25,15,7,'2011-11-03 17:01:49','2011-11-03 17:01:50'),(772,'2010-03-05',2,24,NULL,12,'2011-11-03 17:01:49','2011-11-03 17:01:49'),(773,'2010-03-05',3,24,NULL,12,'2011-11-03 17:01:49','2011-11-03 17:01:49'),(774,'2010-03-05',4,24,NULL,12,'2011-11-03 17:01:49','2011-11-03 17:01:49'),(775,'2010-03-06',1,24,NULL,12,'2011-11-03 17:01:49','2011-11-03 17:01:49'),(776,'2010-03-06',2,24,NULL,12,'2011-11-03 17:01:49','2011-11-03 17:01:49'),(777,'2010-03-06',3,24,NULL,12,'2011-11-03 17:01:49','2011-11-03 17:01:49'),(778,'2010-03-06',4,24,NULL,12,'2011-11-03 17:01:49','2011-11-03 17:01:49'),(779,'2010-03-07',2,24,NULL,12,'2011-11-03 17:01:49','2011-11-03 17:01:49'),(780,'2010-03-07',1,24,NULL,12,'2011-11-03 17:01:49','2011-11-03 17:01:49'),(781,'2010-03-07',3,24,25,12,'2011-11-03 17:01:49','2011-11-03 17:01:49'),(782,'2010-03-21',3,28,5,7,'2011-11-03 17:01:49','2011-11-03 17:01:50'),(783,'2010-03-14',3,15,20,NULL,'2011-11-03 17:01:49','2011-11-03 17:01:49'),(784,'2010-03-14',2,NULL,20,NULL,'2011-11-03 17:01:49','2011-11-03 17:01:49'),(785,'2010-04-17',4,15,20,NULL,'2011-11-03 17:01:50','2011-11-03 17:01:50'),(786,'2010-04-18',1,30,20,NULL,'2011-11-03 17:01:50','2011-11-03 17:01:50'),(787,'2010-04-18',2,30,20,NULL,'2011-11-03 17:01:50','2011-11-03 17:01:50'),(788,'2010-04-18',3,28,20,NULL,'2011-11-03 17:01:50','2011-11-03 17:01:50'),(789,'2010-03-14',4,29,NULL,NULL,'2011-11-03 17:01:50','2011-11-03 17:01:50'),(790,'2010-03-15',1,29,NULL,NULL,'2011-11-03 17:01:50','2011-11-03 17:01:50'),(791,'2010-03-15',2,29,NULL,NULL,'2011-11-03 17:01:50','2011-11-03 17:01:50'),(792,'2010-03-28',3,28,20,NULL,'2011-11-03 17:01:50','2011-11-03 17:01:50'),(793,'2010-04-11',3,28,5,12,'2011-11-03 17:01:50','2011-11-03 17:01:50'),(794,'2010-04-27',1,NULL,20,19,'2011-11-03 17:01:50','2011-11-03 17:01:51'),(795,'2010-03-27',4,NULL,20,NULL,'2011-11-03 17:01:50','2011-11-03 17:01:50'),(796,'2010-03-28',1,30,20,NULL,'2011-11-03 17:01:50','2011-11-03 17:01:50'),(797,'2010-03-28',2,30,20,NULL,'2011-11-03 17:01:50','2011-11-03 17:01:50'),(798,'2010-03-25',2,15,5,NULL,'2011-11-03 17:01:50','2011-11-03 17:01:50'),(799,'2010-03-27',2,NULL,15,7,'2011-11-03 17:01:50','2011-11-03 17:01:50'),(800,'2010-04-01',2,29,6,18,'2011-11-03 17:01:50','2011-11-03 17:01:50'),(801,'2010-04-01',3,NULL,18,6,'2011-11-03 17:01:50','2011-11-03 17:01:50'),(802,'2010-04-04',3,25,5,12,'2011-11-03 17:01:50','2011-11-03 17:01:51'),(803,'2010-04-03',1,NULL,20,NULL,'2011-11-03 17:01:50','2011-11-03 17:01:50'),(804,'2010-04-03',2,15,20,NULL,'2011-11-03 17:01:50','2011-11-03 17:01:50'),(805,'2010-04-03',3,15,20,NULL,'2011-11-03 17:01:50','2011-11-03 17:01:50'),(806,'2010-04-01',1,29,NULL,NULL,'2011-11-03 17:01:50','2011-11-03 17:01:50'),(807,'2010-04-08',4,NULL,29,12,'2011-11-03 17:01:50','2011-11-03 17:01:51'),(808,'2010-04-24',4,24,18,6,'2011-11-03 17:01:50','2011-11-03 17:01:51'),(809,'2010-04-25',1,24,18,6,'2011-11-03 17:01:50','2011-11-03 17:01:51'),(810,'2010-04-25',2,NULL,6,18,'2011-11-03 17:01:50','2011-11-03 17:01:50'),(811,'2010-04-09',4,24,NULL,7,'2011-11-03 17:01:50','2011-11-03 17:01:50'),(812,'2010-04-25',3,NULL,6,18,'2011-11-03 17:01:50','2011-11-03 17:01:50'),(813,'2010-04-09',2,NULL,6,18,'2011-11-03 17:01:50','2011-11-03 17:01:50'),(814,'2010-04-09',3,NULL,18,6,'2011-11-03 17:01:50','2011-11-03 17:01:50'),(815,'2010-04-10',1,24,NULL,7,'2011-11-03 17:01:50','2011-11-03 17:01:50'),(816,'2010-04-17',1,24,20,NULL,'2011-11-03 17:01:50','2011-11-03 17:01:51'),(817,'2010-04-11',4,25,NULL,12,'2011-11-03 17:01:51','2011-11-03 17:01:51'),(818,'2010-04-12',3,25,NULL,12,'2011-11-03 17:01:51','2011-11-03 17:01:51'),(819,'2010-04-16',3,24,5,7,'2011-11-03 17:01:51','2011-11-03 17:01:51'),(820,'2010-04-16',4,24,7,NULL,'2011-11-03 17:01:51','2011-11-03 17:01:51'),(821,'2010-04-12',1,NULL,NULL,12,'2011-11-03 17:01:51','2011-11-03 17:01:51'),(822,'2010-04-12',2,NULL,NULL,12,'2011-11-03 17:01:51','2011-11-03 17:01:51'),(823,'2010-04-15',4,15,NULL,12,'2011-11-03 17:01:51','2011-11-03 17:01:51'),(824,'2010-04-23',4,NULL,20,NULL,'2011-11-03 17:01:51','2011-11-03 17:01:51'),(825,'2010-04-24',1,NULL,20,NULL,'2011-11-03 17:01:51','2011-11-03 17:01:51'),(826,'2010-04-23',2,NULL,NULL,7,'2011-11-03 17:01:51','2011-11-03 17:01:51'),(827,'2010-04-24',2,15,NULL,NULL,'2011-11-03 17:01:51','2011-11-03 17:01:51'),(828,'2010-04-24',3,15,NULL,NULL,'2011-11-03 17:01:51','2011-11-03 17:01:51'),(829,'2010-04-27',2,NULL,20,19,'2011-11-03 17:01:51','2011-11-03 17:01:51'),(830,'2010-04-27',3,NULL,20,19,'2011-11-03 17:01:51','2011-11-03 17:01:51'),(831,'2010-04-28',4,25,5,7,'2011-11-03 17:01:52','2011-11-03 17:01:52'),(832,'2010-04-29',1,NULL,5,NULL,'2011-11-03 17:01:52','2011-11-03 17:01:52'),(833,'2010-04-29',4,29,NULL,NULL,'2011-11-03 17:01:52','2011-11-03 17:01:52'),(834,'2010-05-04',2,29,NULL,12,'2011-11-03 17:01:52','2011-11-03 17:01:52'),(835,'2010-05-04',3,29,NULL,12,'2011-11-03 17:01:52','2011-11-03 17:01:52'),(836,'2010-05-04',1,29,NULL,NULL,'2011-11-03 17:01:52','2011-11-03 17:01:52'),(837,'2010-05-04',4,29,25,7,'2011-11-03 17:01:52','2011-11-03 17:01:52'),(838,'2010-05-02',3,NULL,14,NULL,'2011-11-03 17:01:52','2011-11-03 17:01:52'),(839,'2010-05-02',4,NULL,14,12,'2011-11-03 17:01:52','2011-11-03 17:01:52'),(840,'2010-05-03',1,NULL,14,12,'2011-11-03 17:01:52','2011-11-03 17:01:52'),(841,'2010-05-03',2,NULL,14,12,'2011-11-03 17:01:52','2011-11-03 17:01:52'),(842,'2010-04-30',3,25,NULL,NULL,'2011-11-03 17:01:52','2011-11-03 17:01:52'),(843,'2010-05-15',4,26,NULL,15,'2011-11-03 17:01:52','2011-11-03 17:01:52'),(844,'2010-05-05',3,NULL,26,NULL,'2011-11-03 17:01:52','2011-11-03 17:01:52'),(845,'2010-05-14',4,26,7,15,'2011-11-03 17:01:52','2011-11-03 17:01:52'),(846,'2010-05-09',2,NULL,NULL,15,'2011-11-03 17:01:52','2011-11-03 17:01:52'),(847,'2010-05-08',4,15,NULL,12,'2011-11-03 17:01:52','2011-11-03 17:01:52'),(848,'2010-05-09',1,15,NULL,12,'2011-11-03 17:01:52','2011-11-03 17:01:52'),(849,'2010-05-07',4,15,5,7,'2011-11-03 17:01:52','2011-11-03 17:01:52'),(850,'2010-05-08',1,15,5,7,'2011-11-03 17:01:52','2011-11-03 17:01:52'),(851,'2010-05-11',3,25,14,NULL,'2011-11-03 17:01:52','2011-11-03 17:01:52'),(852,'2010-05-11',4,25,14,NULL,'2011-11-03 17:01:52','2011-11-03 17:01:52'),(853,'2010-05-12',1,25,14,12,'2011-11-03 17:01:52','2011-11-03 17:01:52'),(854,'2010-05-12',2,25,14,12,'2011-11-03 17:01:52','2011-11-03 17:01:52'),(855,'2010-05-15',1,30,20,19,'2011-11-03 17:01:52','2011-11-03 17:01:52'),(856,'2010-05-15',2,30,20,19,'2011-11-03 17:01:52','2011-11-03 17:01:52'),(857,'2010-05-15',3,24,20,19,'2011-11-03 17:01:52','2011-11-03 17:01:52'),(858,'2010-05-16',2,NULL,NULL,12,'2011-11-03 17:01:52','2011-11-03 17:01:52'),(859,'2010-05-16',4,25,NULL,12,'2011-11-03 17:01:52','2011-11-03 17:01:52'),(860,'2010-05-13',4,24,NULL,12,'2011-11-03 17:01:52','2011-11-03 17:01:52'),(861,'2010-05-14',1,24,NULL,12,'2011-11-03 17:01:52','2011-11-03 17:01:52'),(862,'2010-05-14',2,24,NULL,12,'2011-11-03 17:01:52','2011-11-03 17:01:52'),(863,'2010-05-14',3,24,5,NULL,'2011-11-03 17:01:52','2011-11-03 17:01:52'),(864,'2010-05-16',3,25,5,7,'2011-11-03 17:01:52','2011-11-03 17:01:52'),(865,'2010-05-12',4,25,NULL,12,'2011-11-03 17:01:52','2011-11-03 17:01:52'),(866,'2010-05-12',3,NULL,NULL,12,'2011-11-03 17:01:52','2011-11-03 17:01:52'),(867,'2010-05-24',4,NULL,6,12,'2011-11-03 17:01:52','2011-11-03 17:01:52'),(868,'2010-05-25',1,NULL,6,12,'2011-11-03 17:01:52','2011-11-03 17:01:52'),(869,'2010-05-13',3,24,NULL,12,'2011-11-03 17:01:52','2011-11-03 17:01:52'),(870,'2010-05-21',3,NULL,5,12,'2011-11-03 17:01:52','2011-11-03 17:01:52'),(871,'2010-05-21',4,NULL,20,19,'2011-11-03 17:01:52','2011-11-03 17:01:52'),(872,'2010-05-22',1,30,20,19,'2011-11-03 17:01:52','2011-11-03 17:01:52'),(873,'2010-05-16',1,NULL,NULL,12,'2011-11-03 17:01:52','2011-11-03 17:01:52'),(874,'2010-05-18',2,NULL,NULL,12,'2011-11-03 17:01:52','2011-11-03 17:01:52'),(875,'2010-05-18',3,NULL,NULL,12,'2011-11-03 17:01:52','2011-11-03 17:01:52'),(876,'2010-05-22',2,NULL,21,NULL,'2011-11-03 17:01:52','2011-11-03 17:01:52'),(877,'2010-05-28',3,NULL,5,12,'2011-11-03 17:01:52','2011-11-03 17:01:52'),(878,'2010-05-30',3,24,5,12,'2011-11-03 17:01:52','2011-11-03 17:01:52'),(879,'2010-05-29',3,NULL,NULL,12,'2011-11-03 17:01:52','2011-11-03 17:01:52'),(880,'2010-05-29',4,NULL,NULL,12,'2011-11-03 17:01:52','2011-11-03 17:01:52'),(881,'2010-05-30',1,NULL,NULL,12,'2011-11-03 17:01:52','2011-11-03 17:01:52'),(882,'2010-05-30',2,24,7,12,'2011-11-03 17:01:52','2011-11-03 17:01:52'),(883,'2010-05-30',4,24,NULL,12,'2011-11-03 17:01:52','2011-11-03 17:01:52'),(884,'2010-05-31',1,24,NULL,12,'2011-11-03 17:01:52','2011-11-03 17:01:52'),(885,'2010-05-31',2,24,NULL,12,'2011-11-03 17:01:52','2011-11-03 17:01:52'),(886,'2010-05-31',3,24,14,12,'2011-11-03 17:01:52','2011-11-03 17:01:52'),(887,'2010-05-31',4,NULL,NULL,12,'2011-11-03 17:01:52','2011-11-03 17:01:52'),(888,'2010-06-08',3,5,14,12,'2011-11-03 17:01:52','2011-11-03 17:01:53'),(889,'2010-06-08',4,25,14,7,'2011-11-03 17:01:52','2011-11-03 17:01:53'),(890,'2010-06-09',1,25,14,7,'2011-11-03 17:01:52','2011-11-03 17:01:53'),(891,'2010-06-09',2,25,14,NULL,'2011-11-03 17:01:52','2011-11-03 17:01:53'),(892,'2010-06-11',4,26,NULL,15,'2011-11-03 17:01:53','2011-11-03 17:01:53'),(893,'2010-06-12',1,15,26,7,'2011-11-03 17:01:53','2011-11-03 17:01:53'),(894,'2010-06-12',2,15,26,7,'2011-11-03 17:01:53','2011-11-03 17:01:53'),(895,'2010-06-12',3,15,26,7,'2011-11-03 17:01:53','2011-11-03 17:01:53'),(896,'2010-06-07',3,5,16,NULL,'2011-11-03 17:01:53','2011-11-03 17:01:53'),(897,'2010-06-05',1,15,20,19,'2011-11-03 17:01:53','2011-11-03 17:01:53'),(898,'2010-06-05',2,NULL,20,19,'2011-11-03 17:01:53','2011-11-03 17:01:53'),(899,'2010-06-05',3,5,20,19,'2011-11-03 17:01:53','2011-11-03 17:01:53'),(900,'2010-06-06',1,NULL,20,19,'2011-11-03 17:01:53','2011-11-03 17:01:53'),(901,'2010-06-06',2,NULL,20,19,'2011-11-03 17:01:53','2011-11-03 17:01:53'),(902,'2010-06-06',3,5,20,19,'2011-11-03 17:01:53','2011-11-03 17:01:53'),(903,'2010-06-09',3,NULL,NULL,12,'2011-11-03 17:01:53','2011-11-03 17:01:53'),(904,'2010-06-14',3,5,16,12,'2011-11-03 17:01:53','2011-11-03 17:01:53'),(905,'2010-06-21',3,5,16,12,'2011-11-03 17:01:53','2011-11-03 17:01:53'),(906,'2010-06-28',3,NULL,16,NULL,'2011-11-03 17:01:53','2011-11-03 17:01:53'),(907,'2010-06-13',2,NULL,21,12,'2011-11-03 17:01:53','2011-11-03 17:01:53'),(908,'2010-06-13',3,NULL,21,12,'2011-11-03 17:01:53','2011-11-03 17:01:53'),(909,'2010-06-18',4,30,NULL,7,'2011-11-03 17:01:53','2011-11-03 17:01:53'),(910,'2010-06-19',1,30,24,7,'2011-11-03 17:01:53','2011-11-03 17:01:53'),(911,'2010-06-19',2,30,24,7,'2011-11-03 17:01:53','2011-11-03 17:01:53'),(912,'2010-06-20',3,5,21,6,'2011-11-03 17:01:53','2011-11-03 17:01:53'),(913,'2010-06-20',1,24,6,12,'2011-11-03 17:01:53','2011-11-03 17:01:53'),(914,'2010-06-20',4,NULL,6,12,'2011-11-03 17:01:53','2011-11-03 17:01:53'),(915,'2010-06-20',2,15,6,12,'2011-11-03 17:01:53','2011-11-03 17:01:53'),(916,'2010-06-19',3,24,NULL,NULL,'2011-11-03 17:01:53','2011-11-03 17:01:53'),(917,'2010-06-21',1,NULL,NULL,12,'2011-11-03 17:01:53','2011-11-03 17:01:53'),(918,'2010-06-17',1,NULL,NULL,12,'2011-11-03 17:01:53','2011-11-03 17:01:53'),(919,'2010-06-17',3,NULL,NULL,12,'2011-11-03 17:01:53','2011-11-03 17:01:53'),(920,'2010-06-19',4,NULL,NULL,12,'2011-11-03 17:01:53','2011-11-03 17:01:53'),(921,'2010-06-22',4,NULL,NULL,7,'2011-11-03 17:01:53','2011-11-03 17:01:53'),(922,'2010-06-23',1,NULL,NULL,7,'2011-11-03 17:01:53','2011-11-03 17:01:53'),(923,'2010-06-22',3,NULL,NULL,12,'2011-11-03 17:01:53','2011-11-03 17:01:53'),(924,'2010-06-26',3,5,16,12,'2011-11-03 17:01:53','2011-11-03 17:01:53'),(925,'2010-07-13',3,5,14,11,'2011-11-03 17:01:53','2011-11-03 17:01:53'),(926,'2010-07-13',4,20,14,19,'2011-11-03 17:01:53','2011-11-03 17:01:53'),(927,'2010-07-14',1,20,14,19,'2011-11-03 17:01:53','2011-11-03 17:01:53'),(928,'2010-07-14',2,20,14,12,'2011-11-03 17:01:53','2011-11-03 17:01:53'),(929,'2010-06-29',4,NULL,21,7,'2011-11-03 17:01:53','2011-11-03 17:01:53'),(930,'2010-06-30',2,NULL,NULL,12,'2011-11-03 17:01:53','2011-11-03 17:01:53'),(931,'2010-07-04',3,5,20,19,'2011-11-03 17:01:53','2011-11-03 17:01:53'),(932,'2010-07-02',4,15,7,12,'2011-11-03 17:01:53','2011-11-03 17:01:53'),(933,'2010-07-03',1,15,NULL,7,'2011-11-03 17:01:53','2011-11-03 17:01:53'),(934,'2010-07-03',2,15,NULL,7,'2011-11-03 17:01:53','2011-11-03 17:01:53'),(935,'2010-07-03',3,15,NULL,7,'2011-11-03 17:01:53','2011-11-03 17:01:53'),(936,'2010-07-03',4,15,NULL,7,'2011-11-03 17:01:53','2011-11-03 17:01:53'),(937,'2010-07-04',1,15,20,19,'2011-11-03 17:01:53','2011-11-03 17:01:53'),(938,'2010-07-04',2,20,7,19,'2011-11-03 17:01:53','2011-11-03 17:01:53'),(939,'2010-07-10',1,20,19,12,'2011-11-03 17:01:53','2011-11-03 17:01:53'),(940,'2010-07-10',2,20,19,12,'2011-11-03 17:01:53','2011-11-03 17:01:53'),(941,'2010-07-10',3,20,19,12,'2011-11-03 17:01:53','2011-11-03 17:01:53'),(942,'2010-07-10',4,20,19,12,'2011-11-03 17:01:53','2011-11-03 17:01:53'),(943,'2010-07-11',1,20,19,12,'2011-11-03 17:01:53','2011-11-03 17:01:53'),(944,'2010-07-11',2,20,19,12,'2011-11-03 17:01:53','2011-11-03 17:01:53'),(945,'2010-07-11',3,20,19,12,'2011-11-03 17:01:53','2011-11-03 17:01:53'),(946,'2010-07-09',4,20,NULL,19,'2011-11-03 17:01:53','2011-11-03 17:01:53'),(947,'2010-07-16',3,NULL,16,NULL,'2011-11-03 17:01:53','2011-11-03 17:01:53'),(948,'2010-07-12',4,NULL,31,NULL,'2011-11-03 17:01:53','2011-11-03 17:01:53'),(949,'2010-07-13',1,NULL,NULL,11,'2011-11-03 17:01:53','2011-11-03 17:01:53'),(950,'2010-07-15',1,15,NULL,11,'2011-11-03 17:01:53','2011-11-03 17:01:53'),(951,'2010-07-16',1,NULL,NULL,11,'2011-11-03 17:01:53','2011-11-03 17:01:53'),(952,'2010-07-16',4,30,NULL,12,'2011-11-03 17:01:53','2011-11-03 17:01:53'),(953,'2010-07-17',1,30,13,11,'2011-11-03 17:01:53','2011-11-03 17:01:53'),(954,'2010-07-17',2,30,13,12,'2011-11-03 17:01:53','2011-11-03 17:01:53'),(955,'2010-07-14',4,15,NULL,12,'2011-11-03 17:01:53','2011-11-03 17:01:53'),(956,'2010-07-17',3,5,NULL,12,'2011-11-03 17:01:53','2011-11-03 17:01:53'),(957,'2010-07-15',4,30,NULL,12,'2011-11-03 17:01:53','2011-11-03 17:01:53'),(958,'2010-07-18',1,NULL,NULL,12,'2011-11-03 17:01:53','2011-11-03 17:01:53'),(959,'2010-07-18',2,5,16,12,'2011-11-03 17:01:53','2011-11-03 17:01:53'),(960,'2010-07-18',3,5,16,12,'2011-11-03 17:01:53','2011-11-03 17:01:53'),(961,'2010-07-18',4,NULL,NULL,12,'2011-11-03 17:01:53','2011-11-03 17:01:53'),(962,'2010-07-24',1,15,13,7,'2011-11-03 17:01:53','2011-11-03 17:01:54'),(963,'2010-07-24',2,NULL,13,7,'2011-11-03 17:01:53','2011-11-03 17:01:54'),(964,'2010-07-24',3,5,16,7,'2011-11-03 17:01:53','2011-11-03 17:01:54'),(965,'2010-07-21',4,15,31,7,'2011-11-03 17:01:54','2011-11-03 17:01:54'),(966,'2010-07-22',1,15,31,7,'2011-11-03 17:01:54','2011-11-03 17:01:54'),(967,'2010-07-22',2,NULL,31,7,'2011-11-03 17:01:54','2011-11-03 17:01:54'),(968,'2010-07-19',4,15,NULL,12,'2011-11-03 17:01:54','2011-11-03 17:01:54'),(969,'2010-07-19',3,NULL,NULL,12,'2011-11-03 17:01:54','2011-11-03 17:01:54'),(970,'2010-07-21',1,5,NULL,12,'2011-11-03 17:01:54','2011-11-03 17:01:54'),(971,'2010-07-23',4,15,NULL,7,'2011-11-03 17:01:54','2011-11-03 17:01:54'),(972,'2010-07-23',3,21,NULL,NULL,'2011-11-03 17:01:54','2011-11-03 17:01:54'),(973,'2010-07-25',1,15,7,11,'2011-11-03 17:01:54','2011-11-03 17:01:54'),(974,'2010-07-24',4,15,7,11,'2011-11-03 17:01:54','2011-11-03 17:01:54'),(975,'2010-07-26',1,NULL,NULL,11,'2011-11-03 17:01:54','2011-11-03 17:01:54'),(976,'2010-07-26',2,21,NULL,11,'2011-11-03 17:01:54','2011-11-03 17:01:54'),(977,'2010-07-27',1,NULL,NULL,11,'2011-11-03 17:01:54','2011-11-03 17:01:54'),(978,'2010-07-28',1,NULL,NULL,11,'2011-11-03 17:01:54','2011-11-03 17:01:54'),(979,'2010-07-27',3,21,NULL,NULL,'2011-11-03 17:01:54','2011-11-03 17:01:54'),(980,'2010-07-31',2,NULL,13,NULL,'2011-11-03 17:01:54','2011-11-03 17:01:54'),(981,'2010-07-31',3,NULL,13,NULL,'2011-11-03 17:01:54','2011-11-03 17:01:54'),(982,'2010-07-29',1,NULL,NULL,11,'2011-11-03 17:01:54','2011-11-03 17:01:54'),(983,'2010-08-01',3,5,NULL,12,'2011-11-03 17:01:54','2011-11-03 17:01:54'),(984,'2010-07-30',4,15,NULL,7,'2011-11-03 17:01:54','2011-11-03 17:01:54'),(985,'2010-07-31',1,15,NULL,7,'2011-11-03 17:01:54','2011-11-03 17:01:54'),(986,'2010-08-04',4,NULL,31,NULL,'2011-11-03 17:01:54','2011-11-03 17:01:54'),(987,'2010-08-05',1,NULL,31,NULL,'2011-11-03 17:01:54','2011-11-03 17:01:54'),(988,'2010-08-05',2,NULL,31,NULL,'2011-11-03 17:01:54','2011-11-03 17:01:54'),(989,'2010-08-13',4,20,30,19,'2011-11-03 17:01:54','2011-11-03 17:01:54'),(990,'2010-08-14',1,30,13,11,'2011-11-03 17:01:54','2011-11-03 17:01:54'),(991,'2010-08-14',2,30,13,11,'2011-11-03 17:01:54','2011-11-03 17:01:54'),(992,'2010-08-11',3,NULL,14,NULL,'2011-11-03 17:01:54','2011-11-03 17:01:54'),(993,'2010-08-11',4,NULL,14,NULL,'2011-11-03 17:01:54','2011-11-03 17:01:54'),(994,'2010-08-12',1,NULL,14,11,'2011-11-03 17:01:54','2011-11-03 17:01:54'),(995,'2010-08-12',2,NULL,14,11,'2011-11-03 17:01:54','2011-11-03 17:01:54'),(996,'2010-08-14',3,20,13,19,'2011-11-03 17:01:54','2011-11-03 17:01:54'),(997,'2010-08-11',1,NULL,NULL,11,'2011-11-03 17:01:54','2011-11-03 17:01:54'),(998,'2010-08-13',1,NULL,NULL,11,'2011-11-03 17:01:54','2011-11-03 17:01:54'),(999,'2010-08-15',1,15,NULL,11,'2011-11-03 17:01:54','2011-11-03 17:01:54'),(1000,'2010-08-20',4,21,NULL,11,'2011-11-03 17:01:54','2011-11-03 17:01:54'),(1001,'2010-08-25',4,NULL,NULL,12,'2011-11-03 17:01:54','2011-11-03 17:01:54'),(1002,'2010-08-14',4,15,NULL,11,'2011-11-03 17:01:54','2011-11-03 17:01:54'),(1003,'2010-08-29',3,5,16,7,'2011-11-03 17:01:54','2011-11-03 17:01:54'),(1004,'2010-08-22',3,5,NULL,NULL,'2011-11-03 17:01:54','2011-11-03 17:01:54'),(1005,'2010-08-15',4,5,NULL,12,'2011-11-03 17:01:54','2011-11-03 17:01:54'),(1006,'2010-08-16',4,24,NULL,12,'2011-11-03 17:01:54','2011-11-03 17:01:54'),(1007,'2010-08-17',1,24,NULL,12,'2011-11-03 17:01:54','2011-11-03 17:01:54'),(1008,'2010-08-18',4,24,NULL,NULL,'2011-11-03 17:01:54','2011-11-03 17:01:54'),(1009,'2010-08-21',1,21,NULL,11,'2011-11-03 17:01:54','2011-11-03 17:01:54'),(1010,'2010-08-21',4,5,NULL,12,'2011-11-03 17:01:54','2011-11-03 17:01:54'),(1011,'2010-08-21',3,NULL,NULL,12,'2011-11-03 17:01:54','2011-11-03 17:01:54'),(1012,'2010-08-23',1,NULL,NULL,11,'2011-11-03 17:01:54','2011-11-03 17:01:54'),(1013,'2010-08-24',1,NULL,NULL,11,'2011-11-03 17:01:54','2011-11-03 17:01:54'),(1014,'2010-08-25',1,NULL,NULL,11,'2011-11-03 17:01:54','2011-11-03 17:01:54'),(1015,'2010-08-28',3,NULL,13,NULL,'2011-11-03 17:01:54','2011-11-03 17:01:54'),(1016,'2010-08-30',3,NULL,16,NULL,'2011-11-03 17:01:54','2011-11-03 17:01:54'),(1017,'2010-08-26',1,NULL,NULL,7,'2011-11-03 17:01:54','2011-11-03 17:01:54'),(1018,'2010-08-27',1,15,NULL,7,'2011-11-03 17:01:54','2011-11-03 17:01:54'),(1019,'2010-08-28',1,NULL,NULL,7,'2011-11-03 17:01:54','2011-11-03 17:01:54'),(1020,'2010-08-26',4,15,NULL,7,'2011-11-03 17:01:54','2011-11-03 17:01:54'),(1021,'2010-08-28',4,15,NULL,12,'2011-11-03 17:01:54','2011-11-03 17:01:54'),(1022,'2010-08-29',1,NULL,NULL,12,'2011-11-03 17:01:54','2011-11-03 17:01:54'),(1023,'2010-08-30',2,21,NULL,NULL,'2011-11-03 17:01:54','2011-11-03 17:01:54'),(1024,'2010-09-05',3,5,16,7,'2011-11-03 17:01:54','2011-11-03 17:01:54'),(1025,'2010-09-12',3,5,20,19,'2011-11-03 17:01:54','2011-11-03 17:01:54'),(1026,'2010-09-19',3,5,16,12,'2011-11-03 17:01:54','2011-11-03 17:01:54'),(1027,'2010-09-26',3,5,16,12,'2011-11-03 17:01:54','2011-11-03 17:01:54'),(1028,'2010-09-03',4,21,30,7,'2011-11-03 17:01:54','2011-11-03 17:01:54'),(1029,'2010-09-04',1,21,13,7,'2011-11-03 17:01:54','2011-11-03 17:01:54'),(1030,'2010-09-04',2,30,13,7,'2011-11-03 17:01:54','2011-11-03 17:01:54'),(1031,'2010-09-04',3,NULL,13,NULL,'2011-11-03 17:01:54','2011-11-03 17:01:54'),(1032,'2010-08-31',3,21,NULL,NULL,'2011-11-03 17:01:54','2011-11-03 17:01:54'),(1033,'2010-09-12',1,20,18,19,'2011-11-03 17:01:54','2011-11-03 17:01:54'),(1034,'2010-09-12',2,20,18,19,'2011-11-03 17:01:54','2011-11-03 17:01:54'),(1035,'2010-09-10',4,20,18,NULL,'2011-11-03 17:01:54','2011-11-03 17:01:54'),(1036,'2010-09-11',1,20,18,NULL,'2011-11-03 17:01:54','2011-11-03 17:01:54'),(1037,'2010-09-11',2,20,18,NULL,'2011-11-03 17:01:54','2011-11-03 17:01:54'),(1038,'2010-09-11',3,20,18,NULL,'2011-11-03 17:01:54','2011-11-03 17:01:54'),(1039,'2010-09-11',4,20,18,NULL,'2011-11-03 17:01:54','2011-11-03 17:01:54'),(1040,'2010-09-14',3,20,14,17,'2011-11-03 17:01:54','2011-11-03 17:01:54'),(1041,'2010-09-14',4,20,14,17,'2011-11-03 17:01:54','2011-11-03 17:01:54'),(1042,'2010-09-15',1,20,14,17,'2011-11-03 17:01:54','2011-11-03 17:01:54'),(1043,'2010-09-15',2,20,14,17,'2011-11-03 17:01:54','2011-11-03 17:01:54'),(1044,'2010-09-05',1,NULL,26,NULL,'2011-11-03 17:01:54','2011-11-03 17:01:54'),(1045,'2010-09-06',2,NULL,6,NULL,'2011-11-03 17:01:54','2011-11-03 17:01:54'),(1046,'2010-09-06',3,NULL,6,NULL,'2011-11-03 17:01:54','2011-11-03 17:01:54'),(1047,'2010-09-06',1,NULL,26,NULL,'2011-11-03 17:01:54','2011-11-03 17:01:54'),(1048,'2010-09-07',1,NULL,26,NULL,'2011-11-03 17:01:54','2011-11-03 17:01:54'),(1049,'2010-09-08',1,NULL,26,NULL,'2011-11-03 17:01:54','2011-11-03 17:01:54'),(1050,'2010-09-12',4,NULL,26,NULL,'2011-11-03 17:01:54','2011-11-03 17:01:54'),(1051,'2010-09-13',1,NULL,26,NULL,'2011-11-03 17:01:54','2011-11-03 17:01:54'),(1052,'2010-09-13',2,NULL,26,NULL,'2011-11-03 17:01:54','2011-11-03 17:01:54'),(1053,'2010-09-13',3,NULL,26,NULL,'2011-11-03 17:01:54','2011-11-03 17:01:54'),(1054,'2010-09-25',1,24,13,11,'2011-11-03 17:01:54','2011-11-03 17:01:54'),(1055,'2010-09-13',4,21,NULL,NULL,'2011-11-03 17:01:54','2011-11-03 17:01:54'),(1056,'2010-09-14',1,21,NULL,NULL,'2011-11-03 17:01:54','2011-11-03 17:01:54'),(1057,'2010-09-14',2,21,NULL,NULL,'2011-11-03 17:01:54','2011-11-03 17:01:54'),(1058,'2010-09-25',2,24,13,11,'2011-11-03 17:01:54','2011-11-03 17:01:54'),(1059,'2010-09-18',3,21,NULL,12,'2011-11-03 17:01:54','2011-11-03 17:01:54'),(1060,'2010-09-23',3,24,NULL,12,'2011-11-03 17:01:54','2011-11-03 17:01:54'),(1061,'2010-09-23',4,24,NULL,12,'2011-11-03 17:01:54','2011-11-03 17:01:54'),(1062,'2010-09-24',1,24,NULL,12,'2011-11-03 17:01:54','2011-11-03 17:01:54'),(1063,'2010-09-24',2,24,NULL,12,'2011-11-03 17:01:54','2011-11-03 17:01:54'),(1064,'2010-09-24',3,24,NULL,12,'2011-11-03 17:01:54','2011-11-03 17:01:54'),(1065,'2010-09-24',4,24,NULL,12,'2011-11-03 17:01:54','2011-11-03 17:01:54'),(1066,'2010-09-26',1,NULL,NULL,11,'2011-11-03 17:01:54','2011-11-03 17:01:54'),(1067,'2010-09-30',1,NULL,31,12,'2011-11-03 17:01:54','2011-11-03 17:01:55'),(1068,'2010-09-30',2,NULL,31,12,'2011-11-03 17:01:54','2011-11-03 17:01:55'),(1069,'2010-09-29',4,NULL,31,12,'2011-11-03 17:01:54','2011-11-03 17:01:55'),(1070,'2010-09-27',4,NULL,31,NULL,'2011-11-03 17:01:54','2011-11-03 17:01:54'),(1071,'2010-10-12',3,NULL,14,17,'2011-11-03 17:01:54','2011-11-03 17:01:55'),(1072,'2010-10-12',4,NULL,14,17,'2011-11-03 17:01:55','2011-11-03 17:01:55'),(1073,'2010-10-13',1,15,14,17,'2011-11-03 17:01:55','2011-11-03 17:01:55'),(1074,'2010-10-13',2,15,14,17,'2011-11-03 17:01:55','2011-11-03 17:01:55'),(1075,'2010-09-26',2,NULL,7,NULL,'2011-11-03 17:01:55','2011-11-03 17:01:55'),(1076,'2010-10-03',3,5,16,12,'2011-11-03 17:01:55','2011-11-03 17:01:55'),(1077,'2010-10-01',1,NULL,NULL,7,'2011-11-03 17:01:55','2011-11-03 17:01:55'),(1078,'2010-10-02',1,NULL,NULL,7,'2011-11-03 17:01:55','2011-11-03 17:01:55'),(1079,'2010-10-03',1,NULL,NULL,7,'2011-11-03 17:01:55','2011-11-03 17:01:55'),(1080,'2010-09-30',3,5,NULL,NULL,'2011-11-03 17:01:55','2011-11-03 17:01:55'),(1081,'2010-10-01',3,24,NULL,12,'2011-11-03 17:01:55','2011-11-03 17:01:55'),(1082,'2010-10-01',4,24,NULL,12,'2011-11-03 17:01:55','2011-11-03 17:01:55'),(1083,'2010-10-02',2,24,NULL,12,'2011-11-03 17:01:55','2011-11-03 17:01:55'),(1084,'2010-10-02',3,NULL,NULL,12,'2011-11-03 17:01:55','2011-11-03 17:01:55'),(1085,'2010-10-03',4,NULL,16,12,'2011-11-03 17:01:55','2011-11-03 17:01:55'),(1086,'2010-10-09',2,NULL,13,NULL,'2011-11-03 17:01:55','2011-11-03 17:01:55'),(1087,'2010-10-09',3,NULL,13,NULL,'2011-11-03 17:01:55','2011-11-03 17:01:55'),(1088,'2010-10-06',4,15,NULL,7,'2011-11-03 17:01:55','2011-11-03 17:01:55'),(1089,'2010-10-07',1,15,NULL,7,'2011-11-03 17:01:55','2011-11-03 17:01:55'),(1090,'2010-10-10',3,5,NULL,12,'2011-11-03 17:01:55','2011-11-03 17:01:55'),(1091,'2010-10-16',3,24,13,12,'2011-11-03 17:01:55','2011-11-03 17:01:55'),(1092,'2010-10-22',4,20,19,12,'2011-11-03 17:01:55','2011-11-03 17:01:55'),(1093,'2010-10-23',2,20,13,19,'2011-11-03 17:01:55','2011-11-03 17:01:55'),(1094,'2010-10-23',3,20,13,19,'2011-11-03 17:01:55','2011-11-03 17:01:55'),(1095,'2010-10-23',4,20,19,12,'2011-11-03 17:01:55','2011-11-03 17:01:55'),(1096,'2010-10-23',1,20,19,12,'2011-11-03 17:01:55','2011-11-03 17:01:55'),(1097,'2010-10-24',1,20,19,12,'2011-11-03 17:01:55','2011-11-03 17:01:55'),(1098,'2010-10-24',2,20,19,12,'2011-11-03 17:01:55','2011-11-03 17:01:55'),(1099,'2010-10-14',4,20,NULL,19,'2011-11-03 17:01:55','2011-11-03 17:01:55'),(1100,'2010-10-15',1,20,7,19,'2011-11-03 17:01:55','2011-11-03 17:01:55'),(1101,'2010-10-16',1,NULL,NULL,12,'2011-11-03 17:01:55','2011-11-03 17:01:55'),(1102,'2010-10-30',4,16,21,5,'2011-11-03 17:01:55','2011-11-03 17:01:55'),(1103,'2010-10-31',3,21,16,5,'2011-11-03 17:01:55','2011-11-03 17:01:55'),(1104,'2010-10-31',2,16,21,5,'2011-11-03 17:01:55','2011-11-03 17:01:55'),(1105,'2010-10-31',1,21,16,5,'2011-11-03 17:01:55','2011-11-03 17:01:55'),(1106,'2010-11-05',4,20,7,19,'2011-11-03 17:01:55','2011-11-03 17:01:55'),(1107,'2010-11-06',1,20,7,19,'2011-11-03 17:01:55','2011-11-03 17:01:55'),(1108,'2010-11-06',4,20,7,19,'2011-11-03 17:01:55','2011-11-03 17:01:55'),(1109,'2010-11-07',1,20,7,19,'2011-11-03 17:01:55','2011-11-03 17:01:55'),(1110,'2010-11-07',2,20,NULL,19,'2011-11-03 17:01:55','2011-11-03 17:01:55'),(1111,'2010-11-11',4,20,22,19,'2011-11-03 17:01:55','2011-11-03 17:01:55'),(1112,'2010-11-12',1,20,22,19,'2011-11-03 17:01:55','2011-11-03 17:01:55'),(1113,'2010-10-27',4,NULL,31,NULL,'2011-11-03 17:01:55','2011-11-03 17:01:55'),(1114,'2010-10-28',1,NULL,31,NULL,'2011-11-03 17:01:55','2011-11-03 17:01:55'),(1115,'2010-10-28',2,NULL,31,NULL,'2011-11-03 17:01:55','2011-11-03 17:01:55'),(1116,'2010-10-25',4,NULL,31,NULL,'2011-11-03 17:01:55','2011-11-03 17:01:55'),(1117,'2010-11-03',1,NULL,NULL,11,'2011-11-03 17:01:55','2011-11-03 17:01:55'),(1118,'2010-11-04',1,NULL,NULL,11,'2011-11-03 17:01:55','2011-11-03 17:01:55'),(1119,'2010-11-05',1,NULL,NULL,11,'2011-11-03 17:01:55','2011-11-03 17:01:55'),(1120,'2010-10-29',4,NULL,NULL,11,'2011-11-03 17:01:55','2011-11-03 17:01:55'),(1121,'2010-10-28',3,NULL,NULL,11,'2011-11-03 17:01:55','2011-11-03 17:01:55'),(1122,'2010-11-06',2,20,22,19,'2011-11-03 17:01:55','2011-11-03 17:01:55'),(1123,'2010-11-06',3,20,22,19,'2011-11-03 17:01:55','2011-11-03 17:01:55'),(1124,'2010-11-08',1,NULL,NULL,11,'2011-11-03 17:01:55','2011-11-03 17:01:55'),(1125,'2010-11-09',1,NULL,NULL,11,'2011-11-03 17:01:55','2011-11-03 17:01:55'),(1126,'2010-11-15',4,5,31,12,'2011-11-03 17:01:55','2011-11-03 17:01:55'),(1127,'2010-11-16',4,NULL,31,12,'2011-11-03 17:01:55','2011-11-03 17:01:55'),(1128,'2010-11-17',4,NULL,31,12,'2011-11-03 17:01:55','2011-11-03 17:01:55'),(1129,'2010-11-22',4,NULL,31,NULL,'2011-11-03 17:01:55','2011-11-03 17:01:55'),(1130,'2010-11-14',4,16,5,12,'2011-11-03 17:01:55','2011-11-03 17:01:55'),(1131,'2010-11-20',1,NULL,18,NULL,'2011-11-03 17:01:55','2011-11-03 17:01:55'),(1132,'2010-11-19',1,NULL,18,NULL,'2011-11-03 17:01:55','2011-11-03 17:01:55'),(1133,'2010-11-20',2,NULL,18,NULL,'2011-11-03 17:01:55','2011-11-03 17:01:55'),(1134,'2010-11-20',3,NULL,18,NULL,'2011-11-03 17:01:55','2011-11-03 17:01:55'),(1135,'2010-11-19',2,NULL,18,NULL,'2011-11-03 17:01:55','2011-11-03 17:01:55'),(1136,'2010-11-19',3,NULL,18,NULL,'2011-11-03 17:01:55','2011-11-03 17:01:55'),(1137,'2010-11-18',4,NULL,18,12,'2011-11-03 17:01:55','2011-11-03 17:01:55'),(1138,'2010-11-19',4,NULL,18,NULL,'2011-11-03 17:01:55','2011-11-03 17:01:55'),(1139,'2010-11-20',4,NULL,14,17,'2011-11-03 17:01:55','2011-11-03 17:01:55'),(1140,'2010-11-21',1,NULL,14,17,'2011-11-03 17:01:55','2011-11-03 17:01:55'),(1141,'2010-11-21',2,NULL,14,17,'2011-11-03 17:01:55','2011-11-03 17:01:55'),(1142,'2010-11-21',3,NULL,14,17,'2011-11-03 17:01:55','2011-11-03 17:01:55'),(1143,'2010-12-05',3,5,16,12,'2011-11-03 17:01:55','2011-11-03 17:01:55'),(1144,'2010-12-12',3,5,16,12,'2011-11-03 17:01:55','2011-11-03 17:01:55'),(1145,'2010-12-19',3,5,NULL,NULL,'2011-11-03 17:01:55','2011-11-03 17:01:55'),(1146,'2010-12-26',3,5,NULL,NULL,'2011-11-03 17:01:55','2011-11-03 17:01:55'),(1147,'2010-12-03',4,15,7,11,'2011-11-03 17:01:55','2011-11-03 17:01:55'),(1148,'2010-12-04',1,15,7,11,'2011-11-03 17:01:55','2011-11-03 17:01:55'),(1149,'2010-12-04',2,15,7,11,'2011-11-03 17:01:55','2011-11-03 17:01:55'),(1150,'2010-12-11',1,NULL,6,NULL,'2011-11-03 17:01:55','2011-11-03 17:01:55'),(1151,'2010-12-11',2,NULL,6,NULL,'2011-11-03 17:01:55','2011-11-03 17:01:55'),(1152,'2010-12-11',3,NULL,6,NULL,'2011-11-03 17:01:55','2011-11-03 17:01:55'),(1153,'2010-12-11',4,NULL,6,NULL,'2011-11-03 17:01:55','2011-11-03 17:01:55'),(1154,'2010-12-12',1,NULL,6,NULL,'2011-11-03 17:01:55','2011-11-03 17:01:55'),(1155,'2010-12-17',3,15,NULL,7,'2011-11-03 17:01:55','2011-11-03 17:01:55'),(1156,'2010-12-25',2,5,NULL,NULL,'2011-11-03 17:01:55','2011-11-03 17:01:55'),(1157,'2010-12-25',3,5,NULL,NULL,'2011-11-03 17:01:55','2011-11-03 17:01:55'),(1158,'2010-12-26',2,NULL,16,NULL,'2011-11-03 17:01:55','2011-11-03 17:01:55'),(1159,'2009-04-18',2,NULL,15,12,'2011-11-03 17:02:32','2011-11-03 17:02:32'),(1160,'2009-04-18',3,NULL,15,12,'2011-11-03 17:02:32','2011-11-03 17:02:32'),(1161,'2009-03-04',1,NULL,NULL,12,'2011-11-03 17:02:32','2011-11-03 17:02:32'),(1162,'2009-03-04',2,NULL,NULL,12,'2011-11-03 17:02:32','2011-11-03 17:02:32'),(1163,'2009-03-04',3,NULL,NULL,12,'2011-11-03 17:02:32','2011-11-03 17:02:32'),(1164,'2009-03-05',1,NULL,NULL,12,'2011-11-03 17:02:32','2011-11-03 17:02:32'),(1165,'2009-03-05',2,NULL,NULL,12,'2011-11-03 17:02:32','2011-11-03 17:02:32'),(1166,'2009-03-20',2,32,7,NULL,'2011-11-03 17:02:32','2011-11-03 17:02:32'),(1167,'2009-03-20',3,32,7,NULL,'2011-11-03 17:02:32','2011-11-03 17:02:32'),(1168,'2009-03-27',3,25,7,NULL,'2011-11-03 17:02:32','2011-11-03 17:02:32'),(1169,'2009-03-30',4,25,7,NULL,'2011-11-03 17:02:32','2011-11-03 17:02:32'),(1170,'2009-03-21',3,NULL,7,NULL,'2011-11-03 17:02:32','2011-11-03 17:02:32'),(1171,'2009-03-25',1,NULL,NULL,12,'2011-11-03 17:02:32','2011-11-03 17:02:32'),(1172,'2009-03-25',2,NULL,NULL,12,'2011-11-03 17:02:32','2011-11-03 17:02:32'),(1173,'2009-03-25',3,NULL,NULL,12,'2011-11-03 17:02:32','2011-11-03 17:02:32'),(1174,'2009-03-25',4,25,NULL,12,'2011-11-03 17:02:32','2011-11-03 17:02:32'),(1175,'2009-04-18',1,NULL,NULL,12,'2011-11-03 17:02:32','2011-11-03 17:02:32'),(1176,'2009-04-19',1,NULL,NULL,12,'2011-11-03 17:02:32','2011-11-03 17:02:32'),(1177,'2009-03-26',1,NULL,NULL,12,'2011-11-03 17:02:32','2011-11-03 17:02:32'),(1178,'2009-03-26',2,NULL,NULL,12,'2011-11-03 17:02:32','2011-11-03 17:02:32'),(1179,'2009-03-27',1,NULL,NULL,12,'2011-11-03 17:02:32','2011-11-03 17:02:32'),(1180,'2009-03-26',3,NULL,NULL,12,'2011-11-03 17:02:32','2011-11-03 17:02:32'),(1181,'2009-03-26',4,NULL,NULL,12,'2011-11-03 17:02:32','2011-11-03 17:02:32'),(1182,'2009-03-28',3,25,7,NULL,'2011-11-03 17:02:32','2011-11-03 17:02:32'),(1183,'2009-04-01',3,NULL,25,NULL,'2011-11-03 17:02:32','2011-11-03 17:02:32'),(1184,'2009-04-25',2,32,NULL,7,'2011-11-03 17:02:32','2011-11-03 17:02:32'),(1185,'2009-04-06',4,NULL,7,NULL,'2011-11-03 17:02:32','2011-11-03 17:02:32'),(1186,'2009-04-25',1,32,7,12,'2011-11-03 17:02:32','2011-11-03 17:02:32'),(1187,'2009-04-27',2,32,NULL,NULL,'2011-11-03 17:02:32','2011-11-03 17:02:32'),(1188,'2009-04-30',2,32,NULL,NULL,'2011-11-03 17:02:32','2011-11-03 17:02:32'),(1189,'2009-04-30',3,32,NULL,NULL,'2011-11-03 17:02:32','2011-11-03 17:02:32'),(1190,'2009-04-27',3,32,NULL,NULL,'2011-11-03 17:02:32','2011-11-03 17:02:32'),(1191,'2009-04-23',3,25,7,NULL,'2011-11-03 17:02:32','2011-11-03 17:02:32'),(1192,'2009-04-23',4,25,7,NULL,'2011-11-03 17:02:32','2011-11-03 17:02:32'),(1193,'2009-04-22',4,25,7,NULL,'2011-11-03 17:02:32','2011-11-03 17:02:32'),(1194,'2009-04-25',3,32,7,NULL,'2011-11-03 17:02:32','2011-11-03 17:02:32'),(1195,'2009-04-24',4,NULL,25,NULL,'2011-11-03 17:02:32','2011-11-03 17:02:32'),(1196,'2009-05-15',3,32,NULL,NULL,'2011-11-03 17:02:32','2011-11-03 17:02:32'),(1197,'2009-05-11',3,25,8,7,'2011-11-03 17:02:32','2011-11-03 17:02:32'),(1198,'2009-05-10',4,25,NULL,12,'2011-11-03 17:02:32','2011-11-03 17:02:32'),(1199,'2009-05-11',2,8,NULL,12,'2011-11-03 17:02:32','2011-11-03 17:02:32'),(1200,'2009-05-13',3,25,NULL,12,'2011-11-03 17:02:32','2011-11-03 17:02:32'),(1201,'2009-05-13',4,25,NULL,12,'2011-11-03 17:02:32','2011-11-03 17:02:32'),(1202,'2009-05-15',1,NULL,NULL,12,'2011-11-03 17:02:32','2011-11-03 17:02:32'),(1203,'2009-05-15',4,25,7,NULL,'2011-11-03 17:02:32','2011-11-03 17:02:32'),(1204,'2009-05-23',3,25,15,NULL,'2011-11-03 17:02:32','2011-11-03 17:02:33'),(1205,'2009-05-16',3,32,25,NULL,'2011-11-03 17:02:32','2011-11-03 17:02:33'),(1206,'2009-05-17',3,32,NULL,NULL,'2011-11-03 17:02:32','2011-11-03 17:02:32'),(1207,'2009-05-22',2,32,NULL,NULL,'2011-11-03 17:02:33','2011-11-03 17:02:33'),(1208,'2009-05-23',2,32,NULL,NULL,'2011-11-03 17:02:33','2011-11-03 17:02:33'),(1209,'2009-05-22',4,15,25,7,'2011-11-03 17:02:33','2011-11-03 17:02:33'),(1210,'2009-05-23',1,15,7,NULL,'2011-11-03 17:02:33','2011-11-03 17:02:33'),(1211,'2009-05-23',4,15,7,25,'2011-11-03 17:02:33','2011-11-03 17:02:33'),(1212,'2009-05-24',1,15,7,NULL,'2011-11-03 17:02:33','2011-11-03 17:02:33'),(1213,'2009-05-22',3,25,7,NULL,'2011-11-03 17:02:33','2011-11-03 17:02:33'),(1214,'2009-05-21',4,NULL,NULL,12,'2011-11-03 17:02:33','2011-11-03 17:02:33'),(1215,'2009-05-21',3,NULL,NULL,12,'2011-11-03 17:02:33','2011-11-03 17:02:33'),(1216,'2009-05-24',2,32,NULL,NULL,'2011-11-03 17:02:33','2011-11-03 17:02:33'),(1217,'2009-05-25',4,25,7,NULL,'2011-11-03 17:02:33','2011-11-03 17:02:33'),(1218,'2009-05-24',4,25,NULL,12,'2011-11-03 17:02:33','2011-11-03 17:02:33'),(1219,'2009-05-30',4,32,NULL,NULL,'2011-11-03 17:02:33','2011-11-03 17:02:33'),(1220,'2009-05-31',2,32,NULL,NULL,'2011-11-03 17:02:33','2011-11-03 17:02:33'),(1221,'2009-05-31',3,32,NULL,NULL,'2011-11-03 17:02:33','2011-11-03 17:02:33'),(1222,'2009-06-20',4,15,25,33,'2011-11-03 17:02:33','2011-11-03 17:02:34'),(1223,'2009-06-19',4,15,25,12,'2011-11-03 17:02:33','2011-11-03 17:02:33'),(1224,'2009-06-20',1,15,NULL,12,'2011-11-03 17:02:33','2011-11-03 17:02:33'),(1225,'2009-06-21',1,NULL,NULL,12,'2011-11-03 17:02:33','2011-11-03 17:02:33'),(1226,'2009-06-19',3,15,25,NULL,'2011-11-03 17:02:33','2011-11-03 17:02:33'),(1227,'2009-06-20',3,25,NULL,33,'2011-11-03 17:02:33','2011-11-03 17:02:34'),(1228,'2009-06-21',2,NULL,NULL,12,'2011-11-03 17:02:34','2011-11-03 17:02:34'),(1229,'2009-06-22',1,NULL,NULL,12,'2011-11-03 17:02:34','2011-11-03 17:02:34'),(1230,'2009-06-22',2,NULL,NULL,12,'2011-11-03 17:02:34','2011-11-03 17:02:34'),(1231,'2009-06-22',3,NULL,NULL,12,'2011-11-03 17:02:34','2011-11-03 17:02:34'),(1232,'2009-06-21',4,NULL,NULL,12,'2011-11-03 17:02:34','2011-11-03 17:02:34'),(1233,'2009-07-04',1,15,NULL,12,'2011-11-03 17:02:34','2011-11-03 17:02:34'),(1234,'2009-07-03',4,15,NULL,12,'2011-11-03 17:02:34','2011-11-03 17:02:34'),(1235,'2009-07-04',4,15,NULL,7,'2011-11-03 17:02:34','2011-11-03 17:02:34'),(1236,'2009-07-05',1,15,7,12,'2011-11-03 17:02:34','2011-11-03 17:02:34'),(1237,'2009-07-06',4,NULL,NULL,12,'2011-11-03 17:02:34','2011-11-03 17:02:34'),(1238,'2009-07-09',2,NULL,NULL,12,'2011-11-03 17:02:34','2011-11-03 17:02:34'),(1239,'2009-07-09',3,NULL,NULL,12,'2011-11-03 17:02:34','2011-11-03 17:02:34'),(1240,'2009-07-10',1,NULL,NULL,12,'2011-11-03 17:02:34','2011-11-03 17:02:34'),(1241,'2009-07-10',2,NULL,NULL,12,'2011-11-03 17:02:34','2011-11-03 17:02:34'),(1242,'2009-07-10',3,33,NULL,NULL,'2011-11-03 17:02:34','2011-11-03 17:02:34'),(1243,'2009-07-19',1,NULL,NULL,12,'2011-11-03 17:02:34','2011-11-03 17:02:34'),(1244,'2009-07-19',2,NULL,NULL,12,'2011-11-03 17:02:34','2011-11-03 17:02:34'),(1245,'2009-08-01',3,15,NULL,12,'2011-11-03 17:02:34','2011-11-03 17:02:34'),(1246,'2009-08-01',4,15,7,NULL,'2011-11-03 17:02:34','2011-11-03 17:02:34'),(1247,'2009-08-02',1,15,7,NULL,'2011-11-03 17:02:34','2011-11-03 17:02:34'),(1248,'2009-07-31',4,NULL,NULL,12,'2011-11-03 17:02:34','2011-11-03 17:02:34'),(1249,'2009-08-04',4,NULL,NULL,12,'2011-11-03 17:02:34','2011-11-03 17:02:34'),(1250,'2009-08-09',1,NULL,NULL,12,'2011-11-03 17:02:34','2011-11-03 17:02:34'),(1251,'2009-08-09',2,NULL,NULL,12,'2011-11-03 17:02:34','2011-11-03 17:02:34'),(1252,'2009-08-09',3,NULL,NULL,12,'2011-11-03 17:02:34','2011-11-03 17:02:34'),(1253,'2009-08-09',4,NULL,NULL,12,'2011-11-03 17:02:34','2011-11-03 17:02:34'),(1254,'2009-08-23',1,NULL,NULL,12,'2011-11-03 17:02:35','2011-11-03 17:02:35'),(1255,'2009-08-23',2,NULL,NULL,12,'2011-11-03 17:02:35','2011-11-03 17:02:35'),(1256,'2009-09-03',1,NULL,NULL,12,'2011-11-03 17:02:35','2011-11-03 17:02:35'),(1257,'2009-09-03',2,NULL,NULL,12,'2011-11-03 17:02:35','2011-11-03 17:02:35'),(1258,'2009-09-04',1,NULL,NULL,12,'2011-11-03 17:02:35','2011-11-03 17:02:35'),(1259,'2009-09-04',2,NULL,NULL,12,'2011-11-03 17:02:35','2011-11-03 17:02:35'),(1260,'2009-09-04',3,25,NULL,NULL,'2011-11-03 17:02:35','2011-11-03 17:02:35'),(1261,'2009-09-04',4,25,NULL,NULL,'2011-11-03 17:02:35','2011-11-03 17:02:35'),(1262,'2009-09-05',1,25,7,NULL,'2011-11-03 17:02:35','2011-11-03 17:02:35'),(1263,'2009-09-05',2,25,7,NULL,'2011-11-03 17:02:35','2011-11-03 17:02:35'),(1264,'2009-09-05',3,25,7,33,'2011-11-03 17:02:35','2011-11-03 17:02:35'),(1265,'2009-09-05',4,25,7,NULL,'2011-11-03 17:02:35','2011-11-03 17:02:35'),(1266,'2009-09-06',1,25,7,NULL,'2011-11-03 17:02:35','2011-11-03 17:02:35'),(1267,'2009-09-06',2,25,7,NULL,'2011-11-03 17:02:35','2011-11-03 17:02:35'),(1268,'2009-09-06',3,25,7,NULL,'2011-11-03 17:02:35','2011-11-03 17:02:35'),(1269,'2009-09-06',4,25,7,12,'2011-11-03 17:02:35','2011-11-03 17:02:35'),(1270,'2009-09-07',1,25,7,12,'2011-11-03 17:02:35','2011-11-03 17:02:35'),(1271,'2009-09-07',2,25,7,12,'2011-11-03 17:02:35','2011-11-03 17:02:35'),(1272,'2009-09-07',3,25,7,12,'2011-11-03 17:02:35','2011-11-03 17:02:35'),(1273,'2009-09-07',4,25,7,12,'2011-11-03 17:02:35','2011-11-03 17:02:35'),(1274,'2009-09-08',1,NULL,NULL,12,'2011-11-03 17:02:35','2011-11-03 17:02:35'),(1275,'2009-09-12',2,NULL,24,7,'2011-11-03 17:02:35','2011-11-03 17:02:35'),(1276,'2009-09-12',3,NULL,24,7,'2011-11-03 17:02:35','2011-11-03 17:02:35'),(1277,'2009-09-12',4,NULL,24,7,'2011-11-03 17:02:35','2011-11-03 17:02:35'),(1278,'2009-09-13',1,NULL,24,7,'2011-11-03 17:02:35','2011-11-03 17:02:35'),(1279,'2009-09-13',2,NULL,24,7,'2011-11-03 17:02:35','2011-11-03 17:02:35'),(1280,'2009-09-13',3,25,24,7,'2011-11-03 17:02:35','2011-11-03 17:02:35'),(1281,'2009-09-13',4,25,7,12,'2011-11-03 17:02:35','2011-11-03 17:02:35'),(1282,'2009-09-18',4,25,24,12,'2011-11-03 17:02:35','2011-11-03 17:02:35'),(1283,'2009-09-19',1,25,24,12,'2011-11-03 17:02:35','2011-11-03 17:02:35'),(1284,'2009-09-19',2,25,24,12,'2011-11-03 17:02:35','2011-11-03 17:02:35'),(1285,'2009-09-19',3,NULL,24,12,'2011-11-03 17:02:35','2011-11-03 17:02:35'),(1286,'2009-09-19',4,NULL,24,NULL,'2011-11-03 17:02:35','2011-11-03 17:02:35'),(1287,'2009-09-20',1,25,24,12,'2011-11-03 17:02:35','2011-11-03 17:02:35'),(1288,'2009-09-20',2,25,24,12,'2011-11-03 17:02:35','2011-11-03 17:02:35'),(1289,'2009-09-20',3,25,24,12,'2011-11-03 17:02:35','2011-11-03 17:02:35'),(1290,'2009-09-16',4,NULL,7,12,'2011-11-03 17:02:35','2011-11-03 17:02:35'),(1291,'2009-09-17',1,NULL,7,12,'2011-11-03 17:02:35','2011-11-03 17:02:35'),(1292,'2009-09-18',3,NULL,24,12,'2011-11-03 17:02:35','2011-11-03 17:02:35'),(1293,'2009-09-18',2,NULL,NULL,12,'2011-11-03 17:02:35','2011-11-03 17:02:35'),(1294,'2009-09-18',1,NULL,NULL,12,'2011-11-03 17:02:35','2011-11-03 17:02:35'),(1295,'2009-09-26',2,NULL,7,12,'2011-11-03 17:02:35','2011-11-03 17:02:35'),(1296,'2009-09-26',1,15,7,12,'2011-11-03 17:02:35','2011-11-03 17:02:35'),(1297,'2009-09-25',4,25,7,12,'2011-11-03 17:02:35','2011-11-03 17:02:35'),(1298,'2009-09-26',3,NULL,7,12,'2011-11-03 17:02:35','2011-11-03 17:02:35'),(1299,'2009-09-26',4,NULL,7,NULL,'2011-11-03 17:02:35','2011-11-03 17:02:35'),(1300,'2009-09-28',1,NULL,7,NULL,'2011-11-03 17:02:35','2011-11-03 17:02:35'),(1301,'2009-10-05',3,25,7,NULL,'2011-11-03 17:02:35','2011-11-03 17:02:35'),(1302,'2009-10-05',4,25,7,NULL,'2011-11-03 17:02:35','2011-11-03 17:02:35'),(1303,'2009-10-06',2,NULL,7,NULL,'2011-11-03 17:02:35','2011-11-03 17:02:35'),(1304,'2009-10-06',3,NULL,7,NULL,'2011-11-03 17:02:35','2011-11-03 17:02:35'),(1305,'2009-10-08',2,25,7,NULL,'2011-11-03 17:02:35','2011-11-03 17:02:35'),(1306,'2009-10-08',3,NULL,7,NULL,'2011-11-03 17:02:35','2011-11-03 17:02:35'),(1307,'2009-10-12',4,NULL,29,7,'2011-11-03 17:02:35','2011-11-03 17:02:35'),(1308,'2009-10-15',3,NULL,29,12,'2011-11-03 17:02:35','2011-11-03 17:02:35'),(1309,'2009-10-19',2,NULL,29,NULL,'2011-11-03 17:02:35','2011-11-03 17:02:35'),(1310,'2009-10-13',1,29,7,12,'2011-11-03 17:02:35','2011-11-03 17:02:35'),(1311,'2009-10-17',1,24,7,12,'2011-11-03 17:02:35','2011-11-03 17:02:35'),(1312,'2009-10-17',2,24,7,12,'2011-11-03 17:02:35','2011-11-03 17:02:35'),(1313,'2009-10-17',3,24,7,NULL,'2011-11-03 17:02:35','2011-11-03 17:02:35'),(1314,'2009-10-16',4,24,7,12,'2011-11-03 17:02:35','2011-11-03 17:02:35'),(1315,'2009-10-17',4,24,7,NULL,'2011-11-03 17:02:35','2011-11-03 17:02:35'),(1316,'2009-10-18',1,24,7,NULL,'2011-11-03 17:02:35','2011-11-03 17:02:35'),(1317,'2009-10-18',2,24,NULL,NULL,'2011-11-03 17:02:35','2011-11-03 17:02:35'),(1318,'2009-12-27',4,15,NULL,12,'2011-11-03 17:02:35','2011-11-03 17:02:35'),(1319,'2009-10-19',4,NULL,7,12,'2011-11-03 17:02:35','2011-11-03 17:02:35'),(1320,'2009-10-24',4,15,NULL,NULL,'2011-11-03 17:02:35','2011-11-03 17:02:35'),(1321,'2009-10-25',1,15,NULL,NULL,'2011-11-03 17:02:35','2011-11-03 17:02:35'),(1322,'2009-10-25',3,15,NULL,7,'2011-11-03 17:02:35','2011-11-03 17:02:35'),(1323,'2009-10-19',3,NULL,NULL,12,'2011-11-03 17:02:35','2011-11-03 17:02:35'),(1324,'2009-10-30',4,24,30,7,'2011-11-03 17:02:35','2011-11-03 17:02:35'),(1325,'2009-10-31',1,24,30,7,'2011-11-03 17:02:35','2011-11-03 17:02:35'),(1326,'2009-10-31',2,24,30,7,'2011-11-03 17:02:35','2011-11-03 17:02:35'),(1327,'2009-11-13',4,24,30,7,'2011-11-03 17:02:35','2011-11-03 17:02:35'),(1328,'2009-11-14',1,24,30,7,'2011-11-03 17:02:35','2011-11-03 17:02:35'),(1329,'2009-11-14',2,24,30,7,'2011-11-03 17:02:35','2011-11-03 17:02:35'),(1330,'2009-11-06',4,15,24,7,'2011-11-03 17:02:35','2011-11-03 17:02:35'),(1331,'2009-11-07',1,15,24,7,'2011-11-03 17:02:35','2011-11-03 17:02:35'),(1332,'2009-11-07',2,15,24,7,'2011-11-03 17:02:35','2011-11-03 17:02:35'),(1333,'2009-11-07',3,15,24,7,'2011-11-03 17:02:35','2011-11-03 17:02:35'),(1334,'2009-11-14',3,24,7,NULL,'2011-11-03 17:02:35','2011-11-03 17:02:35'),(1335,'2009-11-14',4,24,7,NULL,'2011-11-03 17:02:35','2011-11-03 17:02:35'),(1336,'2009-11-15',1,24,NULL,NULL,'2011-11-03 17:02:35','2011-11-03 17:02:35'),(1337,'2009-11-15',2,24,NULL,NULL,'2011-11-03 17:02:35','2011-11-03 17:02:35'),(1338,'2009-11-15',3,24,NULL,NULL,'2011-11-03 17:02:35','2011-11-03 17:02:35'),(1339,'2009-11-20',4,NULL,7,NULL,'2011-11-03 17:02:35','2011-11-03 17:02:35'),(1340,'2009-11-21',1,24,7,NULL,'2011-11-03 17:02:35','2011-11-03 17:02:35'),(1341,'2009-11-21',2,24,7,NULL,'2011-11-03 17:02:35','2011-11-03 17:02:35'),(1342,'2009-11-21',4,24,7,NULL,'2011-11-03 17:02:35','2011-11-03 17:02:35'),(1343,'2009-11-26',1,24,NULL,12,'2011-11-03 17:02:35','2011-11-03 17:02:35'),(1344,'2009-11-26',2,24,NULL,12,'2011-11-03 17:02:35','2011-11-03 17:02:35'),(1345,'2009-11-26',3,24,NULL,12,'2011-11-03 17:02:35','2011-11-03 17:02:35'),(1346,'2009-11-26',4,24,7,12,'2011-11-03 17:02:35','2011-11-03 17:02:35'),(1347,'2009-11-21',3,24,NULL,NULL,'2011-11-03 17:02:35','2011-11-03 17:02:35'),(1348,'2009-11-27',1,24,NULL,12,'2011-11-03 17:02:35','2011-11-03 17:02:35'),(1349,'2009-11-27',2,24,NULL,NULL,'2011-11-03 17:02:35','2011-11-03 17:02:35'),(1350,'2009-11-27',3,24,NULL,NULL,'2011-11-03 17:02:35','2011-11-03 17:02:35'),(1351,'2009-11-27',4,24,7,NULL,'2011-11-03 17:02:35','2011-11-03 17:02:35'),(1352,'2009-11-28',1,24,NULL,7,'2011-11-03 17:02:35','2011-11-03 17:02:35'),(1353,'2009-11-28',2,24,32,7,'2011-11-03 17:02:35','2011-11-03 17:02:35'),(1354,'2009-11-28',3,24,32,7,'2011-11-03 17:02:35','2011-11-03 17:02:35'),(1355,'2009-11-28',4,24,NULL,7,'2011-11-03 17:02:35','2011-11-03 17:02:35'),(1356,'2009-11-29',1,24,NULL,7,'2011-11-03 17:02:35','2011-11-03 17:02:35'),(1357,'2009-11-29',2,24,NULL,7,'2011-11-03 17:02:35','2011-11-03 17:02:35'),(1358,'2009-12-11',4,15,26,NULL,'2011-11-03 17:02:35','2011-11-03 17:02:35'),(1359,'2009-12-12',1,15,26,NULL,'2011-11-03 17:02:35','2011-11-03 17:02:35'),(1360,'2009-12-12',2,15,26,NULL,'2011-11-03 17:02:35','2011-11-03 17:02:35'),(1361,'2009-12-04',3,15,NULL,7,'2011-11-03 17:02:35','2011-11-03 17:02:35'),(1362,'2009-12-04',4,15,NULL,7,'2011-11-03 17:02:35','2011-11-03 17:02:35'),(1363,'2009-12-05',1,15,NULL,7,'2011-11-03 17:02:35','2011-11-03 17:02:35'),(1364,'2009-12-05',2,NULL,24,7,'2011-11-03 17:02:35','2011-11-03 17:02:35'),(1365,'2009-12-12',3,15,NULL,NULL,'2011-11-03 17:02:35','2011-11-03 17:02:35'),(1366,'2009-12-12',4,15,NULL,NULL,'2011-11-03 17:02:35','2011-11-03 17:02:35'),(1367,'2009-12-13',1,15,NULL,NULL,'2011-11-03 17:02:35','2011-11-03 17:02:35'),(1368,'2009-12-14',1,29,NULL,NULL,'2011-11-03 17:02:35','2011-11-03 17:02:35'),(1369,'2009-12-14',2,29,NULL,NULL,'2011-11-03 17:02:35','2011-11-03 17:02:35'),(1370,'2009-12-15',4,15,NULL,NULL,'2011-11-03 17:02:35','2011-11-03 17:02:35'),(1371,'2009-12-16',1,15,NULL,NULL,'2011-11-03 17:02:35','2011-11-03 17:02:35'),(1372,'2009-12-21',1,15,NULL,NULL,'2011-11-03 17:02:35','2011-11-03 17:02:35'),(1373,'2009-12-28',1,29,NULL,NULL,'2011-11-03 17:02:35','2011-11-03 17:02:35'),(1374,'2009-12-28',2,29,NULL,NULL,'2011-11-03 17:02:36','2011-11-03 17:02:36'),(1790,'2011-01-01',2,5,13,12,'2011-11-08 19:19:40','2011-11-08 19:19:40'),(1791,'2011-01-01',3,5,13,12,'2011-11-08 19:19:40','2011-11-08 19:19:40'),(1792,'2011-01-11',3,NULL,14,17,'2011-11-08 19:19:40','2011-11-08 19:19:41'),(1793,'2011-01-11',4,NULL,14,17,'2011-11-08 19:19:40','2011-11-08 19:19:41'),(1794,'2011-01-12',1,NULL,14,17,'2011-11-08 19:19:41','2011-11-08 19:19:41'),(1795,'2011-01-12',2,NULL,14,17,'2011-11-08 19:19:41','2011-11-08 19:19:41'),(1796,'2011-01-06',4,15,7,11,'2011-11-08 19:19:41','2011-11-08 19:19:41'),(1797,'2011-01-07',1,15,7,11,'2011-11-08 19:19:41','2011-11-08 19:19:41'),(1798,'2011-01-08',3,NULL,16,NULL,'2011-11-08 19:19:41','2011-11-08 19:19:41'),(1799,'2011-01-09',3,5,16,12,'2011-11-08 19:19:41','2011-11-08 19:19:41'),(1800,'2011-01-16',3,5,16,12,'2011-11-08 19:19:41','2011-11-08 19:19:41'),(1801,'2011-01-23',3,5,NULL,NULL,'2011-11-08 19:19:41','2011-11-08 19:19:41'),(1802,'2011-01-30',3,5,16,12,'2011-11-08 19:19:41','2011-11-08 19:19:41'),(1803,'2011-01-08',4,NULL,18,6,'2011-11-08 19:19:41','2011-11-08 19:19:41'),(1804,'2011-01-09',1,NULL,6,18,'2011-11-08 19:19:41','2011-11-08 19:19:41'),(1805,'2011-01-15',1,20,19,12,'2011-11-08 19:19:41','2011-11-08 19:19:41'),(1806,'2011-01-15',2,20,13,19,'2011-11-08 19:19:41','2011-11-08 19:19:41'),(1807,'2011-01-15',3,20,13,19,'2011-11-08 19:19:41','2011-11-08 19:19:41'),(1808,'2011-01-15',4,20,19,12,'2011-11-08 19:19:41','2011-11-08 19:19:41'),(1809,'2011-01-16',2,20,19,12,'2011-11-08 19:19:41','2011-11-08 19:19:41'),(1810,'2011-01-16',1,20,19,12,'2011-11-08 19:19:41','2011-11-08 19:19:41'),(1811,'2011-01-14',4,20,15,19,'2011-11-08 19:19:41','2011-11-08 19:19:41'),(1812,'2011-01-13',4,5,NULL,NULL,'2011-11-08 19:19:41','2011-11-08 19:19:41'),(1813,'2011-01-18',3,5,14,17,'2011-11-08 19:19:41','2011-11-08 19:19:41'),(1814,'2011-01-18',4,5,14,17,'2011-11-08 19:19:41','2011-11-08 19:19:41'),(1815,'2011-01-19',1,5,14,17,'2011-11-08 19:19:41','2011-11-08 19:19:41'),(1816,'2011-01-19',2,5,14,17,'2011-11-08 19:19:41','2011-11-08 19:19:41'),(1817,'2011-01-17',3,NULL,NULL,7,'2011-11-08 19:19:41','2011-11-08 19:19:41'),(1818,'2011-01-20',1,15,7,11,'2011-11-08 19:19:41','2011-11-08 19:19:41'),(1819,'2011-01-21',1,NULL,NULL,11,'2011-11-08 19:19:41','2011-11-08 19:19:41'),(1820,'2011-01-17',4,NULL,NULL,12,'2011-11-08 19:19:41','2011-11-08 19:19:41'),(1821,'2011-01-19',4,15,7,11,'2011-11-08 19:19:41','2011-11-08 19:19:41'),(1822,'2011-01-18',1,5,NULL,NULL,'2011-11-08 19:19:41','2011-11-08 19:19:41'),(1823,'2011-01-22',4,NULL,18,NULL,'2011-11-08 19:19:41','2011-11-08 19:19:41'),(1824,'2011-01-23',1,NULL,18,NULL,'2011-11-08 19:19:41','2011-11-08 19:19:41'),(1825,'2011-01-27',4,15,NULL,11,'2011-11-08 19:19:41','2011-11-08 19:19:41'),(1826,'2011-01-28',1,15,NULL,11,'2011-11-08 19:19:41','2011-11-08 19:19:41'),(1827,'2011-02-27',3,5,NULL,12,'2011-11-08 19:19:41','2011-11-08 19:19:41'),(1828,'2011-02-20',3,5,16,12,'2011-11-08 19:19:41','2011-11-08 19:19:41'),(1829,'2011-02-13',3,5,16,NULL,'2011-11-08 19:19:41','2011-11-08 19:19:41'),(1830,'2011-02-01',4,21,NULL,NULL,'2011-11-08 19:19:41','2011-11-08 19:19:41'),(1831,'2011-02-02',1,21,NULL,NULL,'2011-11-08 19:19:41','2011-11-08 19:19:41'),(1832,'2011-05-13',1,NULL,11,7,'2011-11-08 19:19:41','2011-11-08 19:19:41'),(1833,'2011-02-04',1,15,7,11,'2011-11-08 19:19:41','2011-11-08 19:19:41'),(1834,'2011-02-04',4,15,7,11,'2011-11-08 19:19:41','2011-11-08 19:19:41'),(1835,'2011-02-05',1,15,7,11,'2011-11-08 19:19:41','2011-11-08 19:19:41'),(1836,'2011-02-02',2,5,NULL,NULL,'2011-11-08 19:19:41','2011-11-08 19:19:41'),(1837,'2011-02-03',4,NULL,7,11,'2011-11-08 19:19:41','2011-11-08 19:19:41'),(1838,'2011-02-04',3,NULL,16,NULL,'2011-11-08 19:19:41','2011-11-08 19:19:41'),(1839,'2011-02-05',4,NULL,18,6,'2011-11-08 19:19:41','2011-11-08 19:19:41'),(1840,'2011-02-06',1,NULL,6,18,'2011-11-08 19:19:41','2011-11-08 19:19:41'),(1841,'2011-02-08',4,5,NULL,12,'2011-11-08 19:19:41','2011-11-08 19:19:41'),(1842,'2011-02-11',4,15,14,11,'2011-11-08 19:19:41','2011-11-08 19:19:41'),(1843,'2011-02-12',1,15,14,11,'2011-11-08 19:19:41','2011-11-08 19:19:41'),(1844,'2011-02-12',2,NULL,14,NULL,'2011-11-08 19:19:41','2011-11-08 19:19:41'),(1845,'2011-02-15',1,16,NULL,12,'2011-11-08 19:19:41','2011-11-08 19:19:41'),(1846,'2011-05-14',1,NULL,11,7,'2011-11-08 19:19:41','2011-11-08 19:19:41'),(1847,'2011-02-24',4,NULL,NULL,11,'2011-11-08 19:19:41','2011-11-08 19:19:41'),(1848,'2011-02-25',1,NULL,NULL,11,'2011-11-08 19:19:41','2011-11-08 19:19:41'),(1849,'2011-02-26',4,5,18,6,'2011-11-08 19:19:41','2011-11-08 19:19:41'),(1850,'2011-02-27',1,5,6,18,'2011-11-08 19:19:41','2011-11-08 19:19:41'),(1851,'2011-02-28',1,5,NULL,12,'2011-11-08 19:19:41','2011-11-08 19:19:41'),(1852,'2011-03-06',3,5,NULL,NULL,'2011-11-08 19:19:41','2011-11-08 19:19:41'),(1853,'2011-03-13',3,5,NULL,12,'2011-11-08 19:19:41','2011-11-08 19:19:41'),(1854,'2011-03-20',3,5,NULL,NULL,'2011-11-08 19:19:41','2011-11-08 19:19:41'),(1855,'2011-03-08',4,15,14,17,'2011-11-08 19:19:41','2011-11-08 19:19:41'),(1856,'2011-03-09',1,15,14,17,'2011-11-08 19:19:41','2011-11-08 19:19:41'),(1857,'2011-03-09',2,5,14,17,'2011-11-08 19:19:41','2011-11-08 19:19:41'),(1858,'2011-03-09',3,5,14,17,'2011-11-08 19:19:41','2011-11-08 19:19:41'),(1859,'2011-03-11',4,20,19,22,'2011-11-08 19:19:41','2011-11-08 19:19:41'),(1860,'2011-03-12',2,20,19,22,'2011-11-08 19:19:41','2011-11-08 19:19:41'),(1861,'2011-03-12',1,20,19,22,'2011-11-08 19:19:41','2011-11-08 19:19:41'),(1862,'2011-03-13',1,20,7,19,'2011-11-08 19:19:41','2011-11-08 19:19:41'),(1863,'2011-03-12',3,20,19,22,'2011-11-08 19:19:41','2011-11-08 19:19:41'),(1864,'2011-03-12',4,20,7,19,'2011-11-08 19:19:41','2011-11-08 19:19:41'),(1865,'2011-03-13',2,20,7,19,'2011-11-08 19:19:41','2011-11-08 19:19:41'),(1866,'2011-03-05',2,5,NULL,7,'2011-11-08 19:19:41','2011-11-08 19:19:41'),(1867,'2011-04-16',1,20,22,19,'2011-11-08 19:19:41','2011-11-08 19:19:41'),(1868,'2011-04-15',4,20,22,19,'2011-11-08 19:19:41','2011-11-08 19:19:41'),(1869,'2011-03-14',1,8,NULL,12,'2011-11-08 19:19:41','2011-11-08 19:19:41'),(1870,'2011-03-11',1,5,NULL,12,'2011-11-08 19:19:41','2011-11-08 19:19:41'),(1871,'2011-04-16',2,20,22,19,'2011-11-08 19:19:41','2011-11-08 19:19:41'),(1872,'2011-04-16',3,20,22,19,'2011-11-08 19:19:41','2011-11-08 19:19:41'),(1873,'2011-04-16',4,20,23,19,'2011-11-08 19:19:41','2011-11-08 19:19:41'),(1874,'2011-04-09',4,NULL,6,18,'2011-11-08 19:19:41','2011-11-08 19:19:41'),(1875,'2011-04-10',1,NULL,18,6,'2011-11-08 19:19:41','2011-11-08 19:19:41'),(1876,'2011-03-16',4,16,NULL,NULL,'2011-11-08 19:19:41','2011-11-08 19:19:41'),(1877,'2011-03-17',1,16,NULL,NULL,'2011-11-08 19:19:41','2011-11-08 19:19:41'),(1878,'2011-03-18',2,5,NULL,11,'2011-11-08 19:19:41','2011-11-08 19:19:41'),(1879,'2011-03-18',3,5,NULL,NULL,'2011-11-08 19:19:41','2011-11-08 19:19:41'),(1880,'2011-03-30',4,16,NULL,NULL,'2011-11-08 19:19:41','2011-11-08 19:19:41'),(1881,'2011-03-31',1,NULL,16,NULL,'2011-11-08 19:19:41','2011-11-08 19:19:41'),(1882,'2011-05-23',1,NULL,11,5,'2011-11-08 19:19:41','2011-11-08 19:19:41'),(1883,'2011-05-15',3,5,NULL,NULL,'2011-11-08 19:19:41','2011-11-08 19:19:41'),(1884,'2011-04-17',3,5,23,NULL,'2011-11-08 19:19:41','2011-11-08 19:19:41'),(1885,'2011-04-24',3,5,NULL,NULL,'2011-11-08 19:19:41','2011-11-08 19:19:41'),(1886,'2011-04-12',4,NULL,NULL,7,'2011-11-08 19:19:41','2011-11-08 19:19:41'),(1887,'2011-04-13',1,NULL,NULL,7,'2011-11-08 19:19:41','2011-11-08 19:19:41'),(1888,'2011-04-14',2,24,NULL,NULL,'2011-11-08 19:19:41','2011-11-08 19:19:41'),(1889,'2011-04-14',3,24,NULL,NULL,'2011-11-08 19:19:41','2011-11-08 19:19:41'),(1890,'2011-04-14',4,24,NULL,NULL,'2011-11-08 19:19:41','2011-11-08 19:19:41'),(1891,'2011-04-15',3,24,NULL,NULL,'2011-11-08 19:19:41','2011-11-08 19:19:41'),(1892,'2011-04-17',1,20,23,19,'2011-11-08 19:19:41','2011-11-08 19:19:41'),(1893,'2011-04-17',2,20,23,19,'2011-11-08 19:19:41','2011-11-08 19:19:41'),(1894,'2011-04-17',4,NULL,23,NULL,'2011-11-08 19:19:41','2011-11-08 19:19:41'),(1895,'2011-04-18',1,NULL,23,NULL,'2011-11-08 19:19:41','2011-11-08 19:19:41'),(1896,'2011-04-23',1,15,NULL,7,'2011-11-08 19:19:41','2011-11-08 19:19:41'),(1897,'2011-05-01',3,5,NULL,NULL,'2011-11-08 19:19:41','2011-11-08 19:19:41'),(1898,'2011-05-02',1,16,NULL,NULL,'2011-11-08 19:19:41','2011-11-08 19:19:41'),(1899,'2011-05-07',2,21,15,7,'2011-11-08 19:19:41','2011-11-08 19:19:41'),(1900,'2011-05-06',4,21,15,7,'2011-11-08 19:19:41','2011-11-08 19:19:41'),(1901,'2011-05-07',1,21,15,7,'2011-11-08 19:19:41','2011-11-08 19:19:41'),(1902,'2011-05-03',4,21,NULL,NULL,'2011-11-08 19:19:41','2011-11-08 19:19:41'),(1903,'2011-05-07',4,15,NULL,7,'2011-11-08 19:19:41','2011-11-08 19:19:41'),(1904,'2011-05-08',1,15,NULL,7,'2011-11-08 19:19:41','2011-11-08 19:19:41'),(1905,'2011-05-22',4,NULL,11,5,'2011-11-08 19:19:41','2011-11-08 19:19:41'),(1906,'2011-05-22',3,NULL,NULL,5,'2011-11-08 19:19:41','2011-11-08 19:19:41'),(1907,'2011-05-22',2,NULL,NULL,5,'2011-11-08 19:19:41','2011-11-08 19:19:41'),(1908,'2011-05-17',4,NULL,NULL,7,'2011-11-08 19:19:41','2011-11-08 19:19:41'),(1909,'2011-05-18',1,NULL,11,7,'2011-11-08 19:19:41','2011-11-08 19:19:41'),(1910,'2011-05-19',1,NULL,11,7,'2011-11-08 19:19:41','2011-11-08 19:19:41'),(1911,'2011-05-20',1,NULL,11,NULL,'2011-11-08 19:19:41','2011-11-08 19:19:41'),(1912,'2011-05-21',1,NULL,11,NULL,'2011-11-08 19:19:41','2011-11-08 19:19:41'),(1913,'2011-05-22',1,NULL,11,5,'2011-11-08 19:19:41','2011-11-08 19:19:41'),(1914,'2011-05-21',2,NULL,NULL,5,'2011-11-08 19:19:41','2011-11-08 19:19:41'),(1915,'2011-05-21',3,NULL,NULL,5,'2011-11-08 19:19:41','2011-11-08 19:19:41'),(1916,'2011-05-21',4,NULL,NULL,5,'2011-11-08 19:19:41','2011-11-08 19:19:41'),(1917,'2011-05-18',3,NULL,NULL,7,'2011-11-08 19:19:41','2011-11-08 19:19:41'),(1918,'2011-05-18',4,NULL,NULL,7,'2011-11-08 19:19:41','2011-11-08 19:19:41'),(1919,'2011-05-25',3,5,14,17,'2011-11-08 19:19:41','2011-11-08 19:19:42'),(1920,'2011-05-25',4,15,14,NULL,'2011-11-08 19:19:41','2011-11-08 19:19:41'),(1921,'2011-05-29',1,NULL,11,NULL,'2011-11-08 19:19:41','2011-11-08 19:19:41'),(1922,'2011-05-26',2,5,14,NULL,'2011-11-08 19:19:41','2011-11-08 19:19:42'),(1923,'2011-05-28',1,NULL,11,NULL,'2011-11-08 19:19:41','2011-11-08 19:19:41'),(1924,'2011-05-26',1,15,14,NULL,'2011-11-08 19:19:41','2011-11-08 19:19:42'),(1925,'2011-05-23',4,15,11,7,'2011-11-08 19:19:41','2011-11-08 19:19:41'),(1926,'2011-05-24',1,15,11,7,'2011-11-08 19:19:41','2011-11-08 19:19:41'),(1927,'2011-05-24',4,15,11,7,'2011-11-08 19:19:41','2011-11-08 19:19:42'),(1928,'2011-05-25',1,15,11,NULL,'2011-11-08 19:19:41','2011-11-08 19:19:42'),(1929,'2011-05-27',1,5,11,NULL,'2011-11-08 19:19:42','2011-11-08 19:19:42'),(1930,'2011-05-24',3,15,11,NULL,'2011-11-08 19:19:42','2011-11-08 19:19:42'),(1931,'2011-05-30',1,16,11,5,'2011-11-08 19:19:42','2011-11-08 19:19:42'),(1932,'2011-05-28',2,NULL,11,NULL,'2011-11-08 19:19:42','2011-11-08 19:19:42'),(1933,'2011-05-29',4,16,11,5,'2011-11-08 19:19:42','2011-11-08 19:19:42'),(1934,'2011-05-30',2,NULL,11,7,'2011-11-08 19:19:42','2011-11-08 19:19:42'),(1935,'2011-05-29',2,21,16,5,'2011-11-08 19:19:42','2011-11-08 19:19:42'),(1936,'2011-05-29',3,21,16,5,'2011-11-08 19:19:42','2011-11-08 19:19:42'),(1937,'2011-05-31',1,NULL,11,NULL,'2011-11-08 19:19:42','2011-11-08 19:19:42'),(1938,'2011-06-02',1,NULL,11,NULL,'2011-11-08 19:19:42','2011-11-08 19:19:42'),(1939,'2011-06-03',1,NULL,11,7,'2011-11-08 19:19:42','2011-11-08 19:19:42'),(1940,'2011-06-04',1,NULL,11,7,'2011-11-08 19:19:42','2011-11-08 19:19:42'),(1941,'2011-06-05',1,5,11,7,'2011-11-08 19:19:42','2011-11-08 19:19:42'),(1942,'2011-06-02',4,NULL,11,NULL,'2011-11-08 19:19:42','2011-11-08 19:19:42'),(1943,'2011-06-04',4,5,11,7,'2011-11-08 19:19:42','2011-11-08 19:19:42'),(1944,'2011-06-05',4,NULL,11,NULL,'2011-11-08 19:19:42','2011-11-08 19:19:42'),(1945,'2011-06-08',3,5,23,7,'2011-11-08 19:19:42','2011-11-08 19:19:42'),(1946,'2011-06-11',4,15,NULL,7,'2011-11-08 19:19:42','2011-11-08 19:19:42'),(1947,'2011-06-13',1,15,NULL,NULL,'2011-11-08 19:19:42','2011-11-08 19:19:42'),(1948,'2011-06-12',4,15,NULL,7,'2011-11-08 19:19:42','2011-11-08 19:19:42'),(1949,'2011-06-10',3,NULL,NULL,12,'2011-11-08 19:19:42','2011-11-08 19:19:42'),(1950,'2011-06-10',4,NULL,NULL,12,'2011-11-08 19:19:42','2011-11-08 19:19:42'),(1951,'2011-06-12',1,15,NULL,7,'2011-11-08 19:19:42','2011-11-08 19:19:42'),(1952,'2011-06-24',3,5,23,7,'2011-11-08 19:19:42','2011-11-08 19:19:42'),(1953,'2011-06-25',2,5,23,7,'2011-11-08 19:19:42','2011-11-08 19:19:42'),(1954,'2011-06-25',3,5,23,7,'2011-11-08 19:19:42','2011-11-08 19:19:42'),(1955,'2011-06-22',4,15,14,17,'2011-11-08 19:19:42','2011-11-08 19:19:42'),(1956,'2011-06-23',1,15,14,17,'2011-11-08 19:19:42','2011-11-08 19:19:42'),(1957,'2011-06-23',2,NULL,14,17,'2011-11-08 19:19:42','2011-11-08 19:19:42'),(1958,'2011-06-22',1,5,NULL,NULL,'2011-11-08 19:19:42','2011-11-08 19:19:42'),(1959,'2011-06-26',4,15,NULL,7,'2011-11-08 19:19:42','2011-11-08 19:19:42'),(1960,'2011-06-27',1,15,NULL,NULL,'2011-11-08 19:19:42','2011-11-08 19:19:42'),(1961,'2011-06-24',4,5,23,7,'2011-11-08 19:19:42','2011-11-08 19:19:42'),(1962,'2011-06-25',1,5,23,7,'2011-11-08 19:19:42','2011-11-08 19:19:42'),(1963,'2011-06-26',3,5,NULL,7,'2011-11-08 19:19:42','2011-11-08 19:19:42'),(1964,'2011-06-30',4,16,NULL,5,'2011-11-08 19:19:42','2011-11-08 19:19:42'),(1965,'2011-06-30',3,16,NULL,5,'2011-11-08 19:19:42','2011-11-08 19:19:42'),(1966,'2011-06-30',2,16,NULL,5,'2011-11-08 19:19:42','2011-11-08 19:19:42'),(1967,'2011-06-30',1,16,NULL,NULL,'2011-11-08 19:19:42','2011-11-08 19:19:42'),(1968,'2011-07-02',1,11,NULL,NULL,'2011-11-08 19:19:42','2011-11-08 19:19:42'),(1969,'2011-07-02',3,11,NULL,NULL,'2011-11-08 19:19:42','2011-11-08 19:19:42'),(1970,'2011-07-03',1,11,NULL,NULL,'2011-11-08 19:19:42','2011-11-08 19:19:42'),(1971,'2011-07-03',4,11,NULL,5,'2011-11-08 19:19:42','2011-11-08 19:19:42'),(1972,'2011-07-04',1,11,NULL,5,'2011-11-08 19:19:42','2011-11-08 19:19:42'),(1973,'2011-07-04',2,11,NULL,5,'2011-11-08 19:19:42','2011-11-08 19:19:42'),(1974,'2011-07-08',4,15,NULL,7,'2011-11-08 19:19:42','2011-11-08 19:19:42'),(1975,'2011-07-09',1,15,NULL,7,'2011-11-08 19:19:42','2011-11-08 19:19:42'),(1976,'2011-07-15',4,20,21,19,'2011-11-08 19:19:42','2011-11-08 19:19:42'),(1977,'2011-07-16',1,20,21,19,'2011-11-08 19:19:42','2011-11-08 19:19:42'),(1978,'2011-07-16',2,20,21,19,'2011-11-08 19:19:42','2011-11-08 19:19:42'),(1979,'2011-07-16',3,20,NULL,19,'2011-11-08 19:19:42','2011-11-08 19:19:42'),(1980,'2011-07-15',2,21,NULL,NULL,'2011-11-08 19:19:42','2011-11-08 19:19:42'),(1981,'2011-07-15',3,21,NULL,NULL,'2011-11-08 19:19:42','2011-11-08 19:19:42'),(1982,'2011-07-15',1,21,NULL,NULL,'2011-11-08 19:19:42','2011-11-08 19:19:42'),(1983,'2011-07-16',4,NULL,NULL,7,'2011-11-08 19:19:42','2011-11-08 19:19:42'),(1984,'2011-07-17',1,NULL,NULL,7,'2011-11-08 19:19:42','2011-11-08 19:19:42'),(1985,'2011-07-17',3,11,NULL,7,'2011-11-08 19:19:42','2011-11-08 19:19:42'),(1986,'2011-07-17',4,11,NULL,7,'2011-11-08 19:19:42','2011-11-08 19:19:42'),(1987,'2011-07-18',1,11,NULL,5,'2011-11-08 19:19:42','2011-11-08 19:19:42'),(1988,'2011-07-23',1,11,13,7,'2011-11-08 19:19:42','2011-11-08 19:19:42'),(1989,'2011-07-23',2,5,13,7,'2011-11-08 19:19:42','2011-11-08 19:19:42'),(1990,'2011-07-21',4,11,NULL,5,'2011-11-08 19:19:42','2011-11-08 19:19:42'),(1991,'2011-07-22',1,11,NULL,5,'2011-11-08 19:19:42','2011-11-08 19:19:42'),(1992,'2011-07-22',3,11,NULL,5,'2011-11-08 19:19:42','2011-11-08 19:19:42'),(1993,'2011-07-22',4,11,16,5,'2011-11-08 19:19:42','2011-11-08 19:19:42'),(1994,'2011-07-24',1,11,NULL,7,'2011-11-08 19:19:42','2011-11-08 19:19:42'),(1995,'2011-07-24',4,11,NULL,7,'2011-11-08 19:19:42','2011-11-08 19:19:42'),(1996,'2011-07-23',3,16,5,7,'2011-11-08 19:19:42','2011-11-08 19:19:42'),(1997,'2011-07-23',4,NULL,NULL,7,'2011-11-08 19:19:42','2011-11-08 19:19:42'),(1998,'2011-07-25',1,11,NULL,5,'2011-11-08 19:19:42','2011-11-08 19:19:42'),(1999,'2011-07-24',3,NULL,5,7,'2011-11-08 19:19:42','2011-11-08 19:19:42'),(2000,'2011-07-29',3,11,4,5,'2011-11-08 19:19:42','2011-11-08 19:19:42'),(2001,'2011-07-30',3,11,4,7,'2011-11-08 19:19:42','2011-11-08 19:19:42'),(2002,'2011-07-31',3,15,4,3,'2011-11-08 19:19:42','2011-11-08 19:19:42'),(2003,'2011-07-26',3,5,NULL,NULL,'2011-11-08 19:19:42','2011-11-08 19:19:42'),(2004,'2011-07-30',4,15,7,10,'2011-11-08 19:19:42','2011-11-08 19:19:42'),(2005,'2011-07-31',1,15,7,3,'2011-11-08 19:19:42','2011-11-08 19:19:42'),(2006,'2011-07-28',2,NULL,NULL,3,'2011-11-08 19:19:42','2011-11-08 19:19:42'),(2007,'2011-07-29',2,11,5,3,'2011-11-08 19:19:42','2011-11-08 19:19:42'),(2008,'2011-07-27',1,NULL,NULL,7,'2011-11-08 19:19:42','2011-11-08 19:19:42'),(2009,'2011-07-29',4,11,NULL,7,'2011-11-08 19:19:42','2011-11-08 19:19:42'),(2010,'2011-07-30',1,11,NULL,7,'2011-11-08 19:19:42','2011-11-08 19:19:42'),(2011,'2011-07-30',2,5,4,7,'2011-11-08 19:19:42','2011-11-08 19:19:42'),(2012,'2011-07-31',4,11,NULL,7,'2011-11-08 19:19:42','2011-11-08 19:19:42'),(2013,'2011-07-31',2,5,NULL,7,'2011-11-08 19:19:42','2011-11-08 19:19:42'),(2014,'2011-08-07',2,NULL,4,7,'2011-11-08 19:19:42','2011-11-08 19:19:42'),(2015,'2011-08-07',3,15,4,10,'2011-11-08 19:19:42','2011-11-08 19:19:42'),(2016,'2011-08-05',2,NULL,4,NULL,'2011-11-08 19:19:42','2011-11-08 19:19:42'),(2017,'2011-08-06',1,NULL,4,7,'2011-11-08 19:19:42','2011-11-08 19:19:42'),(2018,'2011-08-05',4,NULL,NULL,7,'2011-11-08 19:19:42','2011-11-08 19:19:42'),(2019,'2011-08-06',2,NULL,NULL,7,'2011-11-08 19:19:42','2011-11-08 19:19:42'),(2020,'2011-08-06',3,15,7,10,'2011-11-08 19:19:42','2011-11-08 19:19:42'),(2021,'2011-08-06',4,NULL,NULL,7,'2011-11-08 19:19:42','2011-11-08 19:19:42'),(2022,'2011-08-07',4,NULL,NULL,7,'2011-11-08 19:19:42','2011-11-08 19:19:42'),(2023,'2011-08-08',1,NULL,NULL,7,'2011-11-08 19:19:42','2011-11-08 19:19:42'),(2024,'2011-08-10',2,11,5,3,'2011-11-08 19:19:42','2011-11-08 19:19:42'),(2025,'2011-08-10',3,11,5,7,'2011-11-08 19:19:42','2011-11-08 19:19:42'),(2026,'2011-08-10',4,11,25,7,'2011-11-08 19:19:42','2011-11-08 19:19:42'),(2027,'2011-08-12',1,NULL,NULL,7,'2011-11-08 19:19:42','2011-11-08 19:19:42'),(2028,'2011-08-12',2,NULL,NULL,7,'2011-11-08 19:19:42','2011-11-08 19:19:42'),(2029,'2011-08-13',2,5,NULL,NULL,'2011-11-08 19:19:42','2011-11-08 19:19:42'),(2030,'2011-08-13',3,5,NULL,NULL,'2011-11-08 19:19:42','2011-11-08 19:19:42'),(2031,'2011-08-14',2,5,4,3,'2011-11-08 19:19:42','2011-11-08 19:19:42'),(2032,'2011-08-14',3,5,4,3,'2011-11-08 19:19:42','2011-11-08 19:19:42'),(2033,'2011-08-15',2,NULL,NULL,3,'2011-11-08 19:19:42','2011-11-08 19:19:42'),(2034,'2011-08-16',2,5,4,3,'2011-11-08 19:19:42','2011-11-08 19:19:42'),(2035,'2011-08-16',3,5,4,3,'2011-11-08 19:19:42','2011-11-08 19:19:42'),(2036,'2011-08-13',4,NULL,7,NULL,'2011-11-08 19:19:42','2011-11-08 19:19:42'),(2037,'2011-08-14',1,NULL,7,NULL,'2011-11-08 19:19:42','2011-11-08 19:19:42'),(2038,'2011-08-17',4,11,25,10,'2011-11-08 19:19:42','2011-11-08 19:19:42'),(2039,'2011-08-19',4,11,7,10,'2011-11-08 19:19:42','2011-11-08 19:19:43'),(2040,'2011-08-17',2,11,7,3,'2011-11-08 19:19:42','2011-11-08 19:19:42'),(2041,'2011-08-17',3,11,25,7,'2011-11-08 19:19:42','2011-11-08 19:19:42'),(2042,'2011-08-16',4,11,NULL,7,'2011-11-08 19:19:42','2011-11-08 19:19:42'),(2043,'2011-08-17',1,11,NULL,7,'2011-11-08 19:19:42','2011-11-08 19:19:42'),(2044,'2011-08-20',1,11,13,3,'2011-11-08 19:19:42','2011-11-08 19:19:42'),(2045,'2011-08-20',2,11,13,3,'2011-11-08 19:19:42','2011-11-08 19:19:42'),(2046,'2011-08-21',2,5,4,3,'2011-11-08 19:19:42','2011-11-08 19:19:43'),(2047,'2011-08-21',3,11,4,3,'2011-11-08 19:19:42','2011-11-08 19:19:43'),(2048,'2011-08-20',3,11,7,NULL,'2011-11-08 19:19:43','2011-11-08 19:19:43'),(2049,'2011-08-20',4,11,NULL,NULL,'2011-11-08 19:19:43','2011-11-08 19:19:43'),(2050,'2011-08-21',4,11,NULL,5,'2011-11-08 19:19:43','2011-11-08 19:19:43'),(2051,'2011-08-23',3,11,5,3,'2011-11-08 19:19:43','2011-11-08 19:19:43'),(2052,'2011-08-23',4,11,4,3,'2011-11-08 19:19:43','2011-11-08 19:19:43'),(2053,'2011-08-24',3,11,NULL,3,'2011-11-08 19:19:43','2011-11-08 19:19:43'),(2054,'2011-08-24',4,11,25,7,'2011-11-08 19:19:43','2011-11-08 19:19:43'),(2055,'2011-08-25',4,11,25,3,'2011-11-08 19:19:43','2011-11-08 19:19:43'),(2056,'2011-08-26',1,11,7,3,'2011-11-08 19:19:43','2011-11-08 19:19:43'),(2057,'2011-08-28',2,5,4,3,'2011-11-08 19:19:43','2011-11-08 19:19:43'),(2058,'2011-08-28',3,5,4,3,'2011-11-08 19:19:43','2011-11-08 19:19:43'),(2059,'2011-08-29',1,11,NULL,3,'2011-11-08 19:19:43','2011-11-08 19:19:43'),(2060,'2011-08-29',2,11,NULL,3,'2011-11-08 19:19:43','2011-11-08 19:19:43'),(2061,'2011-08-29',3,11,NULL,3,'2011-11-08 19:19:43','2011-11-08 19:19:43'),(2062,'2011-08-27',1,NULL,NULL,7,'2011-11-08 19:19:43','2011-11-08 19:19:43'),(2063,'2011-08-30',2,NULL,4,NULL,'2011-11-08 19:19:43','2011-11-08 19:19:43'),(2064,'2011-08-30',3,NULL,4,NULL,'2011-11-08 19:19:43','2011-11-08 19:19:43'),(2065,'2011-08-28',4,11,NULL,3,'2011-11-08 19:19:43','2011-11-08 19:19:43'),(2066,'2011-08-31',2,NULL,NULL,3,'2011-11-08 19:19:43','2011-11-08 19:19:43'),(2067,'2011-08-31',3,NULL,NULL,3,'2011-11-08 19:19:43','2011-11-08 19:19:43'),(2068,'2011-08-31',1,NULL,NULL,3,'2011-11-08 19:19:43','2011-11-08 19:19:43'),(2069,'2011-09-05',4,NULL,4,10,'2011-11-08 19:19:43','2011-11-08 19:19:43'),(2070,'2011-09-09',4,NULL,7,3,'2011-11-08 19:19:43','2011-11-08 19:19:43'),(2071,'2011-09-09',1,NULL,NULL,3,'2011-11-08 19:19:43','2011-11-08 19:19:43'),(2072,'2011-09-09',3,NULL,NULL,3,'2011-11-08 19:19:43','2011-11-08 19:19:43'),(2073,'2011-09-02',2,5,7,3,'2011-11-08 19:19:43','2011-11-08 19:19:43'),(2074,'2011-09-02',3,5,NULL,3,'2011-11-08 19:19:43','2011-11-08 19:19:43'),(2075,'2011-09-02',4,5,4,3,'2011-11-08 19:19:43','2011-11-08 19:19:43'),(2076,'2011-09-03',1,5,4,3,'2011-11-08 19:19:43','2011-11-08 19:19:43'),(2077,'2011-09-03',2,5,4,3,'2011-11-08 19:19:43','2011-11-08 19:19:43'),(2078,'2011-09-03',3,5,4,3,'2011-11-08 19:19:43','2011-11-08 19:19:43'),(2079,'2011-09-04',2,NULL,4,3,'2011-11-08 19:19:43','2011-11-08 19:19:43'),(2080,'2011-09-05',2,5,4,3,'2011-11-08 19:19:43','2011-11-08 19:19:43'),(2081,'2011-09-09',2,NULL,NULL,3,'2011-11-08 19:19:43','2011-11-08 19:19:43'),(2082,'2011-09-05',3,5,4,10,'2011-11-08 19:19:43','2011-11-08 19:19:43'),(2083,'2011-09-08',1,20,NULL,19,'2011-11-08 19:19:43','2011-11-08 19:19:43'),(2084,'2011-09-07',4,20,NULL,19,'2011-11-08 19:19:43','2011-11-08 19:19:43'),(2085,'2011-09-16',4,20,7,19,'2011-11-08 19:19:43','2011-11-08 19:19:43'),(2086,'2011-09-17',1,20,13,19,'2011-11-08 19:19:43','2011-11-08 19:19:43'),(2087,'2011-09-17',2,20,13,19,'2011-11-08 19:19:43','2011-11-08 19:19:43'),(2088,'2011-09-17',3,20,4,19,'2011-11-08 19:19:43','2011-11-08 19:19:43'),(2089,'2011-09-11',2,5,4,3,'2011-11-08 19:19:43','2011-11-08 19:19:43'),(2090,'2011-09-11',3,5,4,3,'2011-11-08 19:19:43','2011-11-08 19:19:43'),(2091,'2011-09-12',2,16,5,3,'2011-11-08 19:19:43','2011-11-08 19:19:43'),(2092,'2011-09-13',2,NULL,4,7,'2011-11-08 19:19:43','2011-11-08 19:19:43'),(2093,'2011-09-13',3,15,4,7,'2011-11-08 19:19:43','2011-11-08 19:19:43'),(2094,'2011-09-15',2,NULL,4,NULL,'2011-11-08 19:19:43','2011-11-08 19:19:43'),(2095,'2011-09-15',3,25,4,7,'2011-11-08 19:19:43','2011-11-08 19:19:43'),(2096,'2011-10-08',3,11,NULL,5,'2011-11-08 19:19:43','2011-11-08 19:19:43'),(2097,'2011-10-06',4,11,NULL,5,'2011-11-08 19:19:43','2011-11-08 19:19:43'),(2098,'2011-10-08',2,11,NULL,3,'2011-11-08 19:19:43','2011-11-08 19:19:43'),(2099,'2011-10-11',4,20,7,19,'2011-11-08 19:19:43','2011-11-08 19:19:43'),(2100,'2011-10-12',1,20,7,19,'2011-11-08 19:19:43','2011-11-08 19:19:43'),(2101,'2011-10-08',4,11,NULL,5,'2011-11-08 19:19:43','2011-11-08 19:19:43'),(2102,'2011-10-07',4,11,NULL,5,'2011-11-08 19:19:43','2011-11-08 19:19:43'),(2103,'2011-11-03',4,11,5,3,'2011-11-08 19:19:43','2011-11-08 19:19:44'),(2104,'2011-11-02',1,11,7,3,'2011-11-08 19:19:43','2011-11-08 19:19:44'),(2105,'2011-10-06',3,11,NULL,5,'2011-11-08 19:19:43','2011-11-08 19:19:43'),(2106,'2011-10-07',2,11,NULL,3,'2011-11-08 19:19:43','2011-11-08 19:19:43'),(2107,'2011-10-07',3,11,NULL,5,'2011-11-08 19:19:43','2011-11-08 19:19:43'),(2108,'2011-10-18',3,11,25,7,'2011-11-08 19:19:43','2011-11-08 19:19:43'),(2109,'2011-09-14',2,5,7,3,'2011-11-08 19:19:43','2011-11-08 19:19:43'),(2110,'2011-09-14',3,5,7,3,'2011-11-08 19:19:43','2011-11-08 19:19:43'),(2111,'2011-09-16',2,NULL,21,3,'2011-11-08 19:19:43','2011-11-08 19:19:43'),(2112,'2011-09-16',3,NULL,NULL,3,'2011-11-08 19:19:43','2011-11-08 19:19:43'),(2113,'2011-09-18',2,4,5,3,'2011-11-08 19:19:43','2011-11-08 19:19:43'),(2114,'2011-09-18',3,4,5,3,'2011-11-08 19:19:43','2011-11-08 19:19:43'),(2115,'2011-09-15',1,NULL,21,NULL,'2011-11-08 19:19:43','2011-11-08 19:19:43'),(2116,'2011-09-16',1,NULL,21,7,'2011-11-08 19:19:43','2011-11-08 19:19:43'),(2117,'2011-09-15',4,NULL,21,7,'2011-11-08 19:19:43','2011-11-08 19:19:43'),(2118,'2011-09-19',4,15,26,7,'2011-11-08 19:19:43','2011-11-08 19:19:43'),(2119,'2011-09-20',1,15,26,7,'2011-11-08 19:19:43','2011-11-08 19:19:43'),(2120,'2011-09-20',2,15,26,7,'2011-11-08 19:19:43','2011-11-08 19:19:43'),(2121,'2011-09-20',4,25,21,7,'2011-11-08 19:19:43','2011-11-08 19:19:43'),(2122,'2011-09-21',2,NULL,NULL,3,'2011-11-08 19:19:43','2011-11-08 19:19:43'),(2123,'2011-09-21',3,NULL,NULL,3,'2011-11-08 19:19:43','2011-11-08 19:19:43'),(2124,'2011-09-20',3,15,25,7,'2011-11-08 19:19:43','2011-11-08 19:19:43'),(2125,'2011-09-21',1,5,NULL,7,'2011-11-08 19:19:43','2011-11-08 19:19:43'),(2126,'2011-09-22',1,4,NULL,NULL,'2011-11-08 19:19:43','2011-11-08 19:19:43'),(2127,'2011-09-22',3,4,25,5,'2011-11-08 19:19:43','2011-11-08 19:19:43'),(2128,'2011-09-24',3,4,5,3,'2011-11-08 19:19:43','2011-11-08 19:19:43'),(2129,'2011-09-28',2,11,NULL,3,'2011-11-08 19:19:43','2011-11-08 19:19:43'),(2130,'2011-09-28',3,11,NULL,3,'2011-11-08 19:19:43','2011-11-08 19:19:43'),(2131,'2011-09-28',1,11,NULL,3,'2011-11-08 19:19:43','2011-11-08 19:19:43'),(2132,'2011-09-29',3,NULL,NULL,10,'2011-11-08 19:19:43','2011-11-08 19:19:43'),(2133,'2011-09-29',4,NULL,7,10,'2011-11-08 19:19:43','2011-11-08 19:19:43'),(2134,'2011-10-02',2,16,NULL,NULL,'2011-11-08 19:19:43','2011-11-08 19:19:43'),(2135,'2011-10-03',2,11,NULL,3,'2011-11-08 19:19:43','2011-11-08 19:19:43'),(2136,'2011-10-03',3,11,NULL,7,'2011-11-08 19:19:43','2011-11-08 19:19:43'),(2137,'2011-10-03',4,11,NULL,7,'2011-11-08 19:19:43','2011-11-08 19:19:43'),(2138,'2011-10-04',1,11,NULL,7,'2011-11-08 19:19:43','2011-11-08 19:19:43'),(2139,'2011-10-12',2,11,7,3,'2011-11-08 19:19:43','2011-11-08 19:19:43'),(2140,'2011-10-09',3,NULL,NULL,10,'2011-11-08 19:19:43','2011-11-08 19:19:43'),(2141,'2011-10-09',4,NULL,NULL,10,'2011-11-08 19:19:43','2011-11-08 19:19:43'),(2142,'2011-10-09',1,16,NULL,5,'2011-11-08 19:19:43','2011-11-08 19:19:43'),(2143,'2011-10-10',3,NULL,NULL,3,'2011-11-08 19:19:43','2011-11-08 19:19:43'),(2144,'2011-10-11',1,11,NULL,3,'2011-11-08 19:19:43','2011-11-08 19:19:43'),(2145,'2011-10-12',3,11,7,3,'2011-11-08 19:19:43','2011-11-08 19:19:43'),(2146,'2011-10-12',4,11,NULL,3,'2011-11-08 19:19:43','2011-11-08 19:19:43'),(2147,'2011-10-14',1,NULL,NULL,3,'2011-11-08 19:19:43','2011-11-08 19:19:43'),(2148,'2011-10-14',2,NULL,NULL,3,'2011-11-08 19:19:43','2011-11-08 19:19:43'),(2149,'2011-10-14',3,5,7,3,'2011-11-08 19:19:43','2011-11-08 19:19:43'),(2150,'2011-10-15',2,16,7,3,'2011-11-08 19:19:43','2011-11-08 19:19:43'),(2151,'2011-10-14',4,5,7,3,'2011-11-08 19:19:43','2011-11-08 19:19:43'),(2152,'2011-10-15',1,5,7,3,'2011-11-08 19:19:43','2011-11-08 19:19:43'),(2153,'2011-10-17',1,4,NULL,NULL,'2011-11-08 19:19:43','2011-11-08 19:19:43'),(2154,'2011-10-17',2,4,NULL,3,'2011-11-08 19:19:43','2011-11-08 19:19:43'),(2155,'2011-10-20',2,4,5,NULL,'2011-11-08 19:19:43','2011-11-08 19:19:43'),(2156,'2011-10-25',2,4,11,NULL,'2011-11-08 19:19:43','2011-11-08 19:19:44'),(2157,'2011-10-27',2,4,NULL,5,'2011-11-08 19:19:43','2011-11-08 19:19:44'),(2158,'2011-10-25',3,4,25,11,'2011-11-08 19:19:43','2011-11-08 19:19:44'),(2159,'2011-10-18',4,11,4,3,'2011-11-08 19:19:43','2011-11-08 19:19:43'),(2160,'2011-10-19',1,NULL,NULL,3,'2011-11-08 19:19:43','2011-11-08 19:19:43'),(2161,'2011-10-19',2,NULL,NULL,3,'2011-11-08 19:19:43','2011-11-08 19:19:43'),(2162,'2011-10-22',2,16,4,11,'2011-11-08 19:19:43','2011-11-08 19:19:44'),(2163,'2011-10-21',4,11,NULL,3,'2011-11-08 19:19:43','2011-11-08 19:19:43'),(2164,'2011-10-22',1,11,4,3,'2011-11-08 19:19:43','2011-11-08 19:19:44'),(2165,'2011-10-22',3,11,NULL,5,'2011-11-08 19:19:43','2011-11-08 19:19:44'),(2166,'2011-10-22',4,11,NULL,5,'2011-11-08 19:19:44','2011-11-08 19:19:44'),(2167,'2011-10-23',3,4,NULL,3,'2011-11-08 19:19:44','2011-11-08 19:19:44'),(2168,'2011-10-23',4,NULL,NULL,3,'2011-11-08 19:19:44','2011-11-08 19:19:44'),(2169,'2011-10-28',1,11,NULL,3,'2011-11-08 19:19:44','2011-11-08 19:19:44'),(2170,'2011-10-28',2,11,NULL,3,'2011-11-08 19:19:44','2011-11-08 19:19:44'),(2171,'2011-10-30',2,16,5,3,'2011-11-08 19:19:44','2011-11-08 19:19:44'),(2172,'2011-10-26',3,NULL,NULL,3,'2011-11-08 19:19:44','2011-11-08 19:19:44'),(2173,'2011-11-08',4,4,27,3,'2011-11-08 19:19:44','2011-11-08 19:19:44'),(2174,'2011-11-09',1,11,27,3,'2011-11-08 19:19:44','2011-11-08 19:19:44'),(2175,'2011-11-04',1,11,4,3,'2011-11-08 19:19:44','2011-11-08 19:19:44'),(2176,'2011-11-04',2,11,4,3,'2011-11-08 19:19:44','2011-11-08 19:19:44'),(2177,'2011-11-02',4,11,7,NULL,'2011-11-08 19:19:44','2011-11-08 19:19:44'),(2178,'2011-11-03',1,11,7,4,'2011-11-08 19:19:44','2011-11-08 19:19:44'),(2179,'2011-11-03',2,11,7,4,'2011-11-08 19:19:44','2011-11-08 19:19:44'),(2180,'2011-11-03',3,4,NULL,5,'2011-11-08 19:19:44','2011-11-08 19:19:44'),(2181,'2011-11-04',3,4,5,3,'2011-11-08 19:19:44','2011-11-08 19:19:44'),(2182,'2011-11-06',2,16,4,3,'2011-11-08 19:19:44','2011-11-08 19:19:44'),(2183,'2011-11-04',4,11,NULL,5,'2011-11-08 19:19:44','2011-11-08 19:19:44'),(2184,'2011-11-05',1,11,NULL,5,'2011-11-08 19:19:44','2011-11-08 19:19:44'),(2185,'2011-11-05',2,11,NULL,NULL,'2011-11-08 19:19:44','2011-11-08 19:19:44'),(2186,'2011-11-05',4,11,NULL,NULL,'2011-11-08 19:19:44','2011-11-08 19:19:44'),(2187,'2011-11-06',3,4,25,3,'2011-11-08 19:19:44','2011-11-08 19:19:44'),(2188,'2011-11-10',2,4,NULL,5,'2011-11-08 19:19:44','2011-11-08 19:19:44'),(2189,'2011-11-10',3,4,NULL,5,'2011-11-08 19:19:44','2011-11-08 19:19:44'),(2190,'2011-11-08',2,4,NULL,5,'2011-11-08 19:19:44','2011-11-08 19:19:44'),(2191,'2011-11-15',2,4,NULL,NULL,'2011-11-08 19:19:44','2011-11-08 19:19:44'),(2192,'2011-11-15',3,4,NULL,NULL,'2011-11-08 19:19:44','2011-11-08 19:19:44'),(2193,'2011-11-17',2,4,NULL,NULL,'2011-11-08 19:19:44','2011-11-08 19:19:44'),(2194,'2011-11-17',3,4,NULL,NULL,'2011-11-08 19:19:44','2011-11-08 19:19:44'),(2195,'2011-11-22',2,4,NULL,NULL,'2011-11-08 19:19:44','2011-11-08 19:19:44'),(2196,'2011-11-22',3,4,NULL,NULL,'2011-11-08 19:19:44','2011-11-08 19:19:44'),(2197,'2011-11-08',3,25,11,5,'2011-11-08 19:19:44','2011-11-08 19:19:44'),(2198,'2011-11-07',2,11,NULL,3,'2011-11-08 19:19:44','2011-11-08 19:19:44'),(2199,'2011-11-07',3,11,NULL,3,'2011-11-08 19:19:44','2011-11-08 19:19:44'),(2200,'2011-11-09',2,5,NULL,3,'2011-11-08 19:19:44','2011-11-08 19:19:44'),(2201,'2011-11-09',3,5,NULL,3,'2011-11-08 19:19:44','2011-11-08 19:19:44'),(2202,'2011-11-07',1,11,NULL,3,'2011-11-08 19:19:44','2011-11-08 19:19:44'),(2203,'2011-11-06',4,11,NULL,3,'2011-11-08 19:19:44','2011-11-08 19:19:44'),(2204,'2011-11-06',1,NULL,21,NULL,'2011-11-08 19:19:44','2011-11-08 19:19:44'),(2205,'2011-11-09',4,NULL,25,NULL,'2011-11-08 19:19:44','2011-11-08 19:19:44');
/*!40000 ALTER TABLE `shifts` ENABLE KEYS */;
UNLOCK TABLES;
/*!40103 SET TIME_ZONE=@OLD_TIME_ZONE */;

/*!40101 SET SQL_MODE=@OLD_SQL_MODE */;
/*!40014 SET FOREIGN_KEY_CHECKS=@OLD_FOREIGN_KEY_CHECKS */;
/*!40014 SET UNIQUE_CHECKS=@OLD_UNIQUE_CHECKS */;
/*!40101 SET CHARACTER_SET_CLIENT=@OLD_CHARACTER_SET_CLIENT */;
/*!40101 SET CHARACTER_SET_RESULTS=@OLD_CHARACTER_SET_RESULTS */;
/*!40101 SET COLLATION_CONNECTION=@OLD_COLLATION_CONNECTION */;
/*!40111 SET SQL_NOTES=@OLD_SQL_NOTES */;

-- Dump completed on 2011-11-10 14:05:56
